,Survived,Pclass,Sex,Fare,Embarked,Deck,Age_cat,Tickets,is_crew,mean_fares,Title,Family,Family_classif,Age_gender
0,0,3,male,1.9810014688665833,S,N,Adult,A,0,2.396079697380563,Mr.,2,Little,male_Adult
1,1,1,female,4.26666207838721,C,C,Adult,P,0,4.078828900431776,Mrs.,2,Little,female_Adult
2,1,3,female,2.0700223197633445,S,N,Adult,S,0,2.396079697380563,Miss.,1,Little,female_Adult
3,1,1,female,3.9721769282478934,S,C,Adult,D,0,4.078828900431776,Mrs.,2,Little,female_Adult
4,0,3,male,2.0856720914304723,S,N,Adult,D,0,2.396079697380563,Mr.,1,Little,male_Adult
5,0,3,male,2.135148207799377,Q,N,Adult,D,0,2.396079697380563,Mr.,1,Little,male_Adult
6,0,1,male,3.948595985658986,S,E,Adult,D,0,4.078828900431776,Mr.,1,Little,male_Adult
7,0,3,male,3.048087503887919,S,N,Child,D,0,2.396079697380563,Master.,5,Moderate,male_Child
8,1,3,female,2.409940617298087,S,N,Adult,D,0,2.396079697380563,Mrs.,3,Moderate,female_Adult
9,1,2,female,3.4035546012358333,C,N,Teen,D,0,2.8310588265196923,Mrs.,2,Little,female_Teen
10,1,3,female,2.8154087194227095,S,G,Child,P,0,2.396079697380563,Miss.,3,Moderate,female_Child
11,1,1,female,3.279029747687948,S,C,Adult,D,0,4.078828900431776,Miss.,1,Little,female_Adult
12,0,3,male,2.0856720914304723,S,N,Teen,A,0,2.396079697380563,Mr.,1,Little,male_Teen
13,0,3,male,3.442819056352975,S,N,Adult,D,0,2.396079697380563,Mr.,7,High,male_Adult
14,0,3,female,2.061048420562944,S,N,Teen,D,0,2.396079697380563,Miss.,1,Little,female_Teen
15,1,2,female,2.772588722239781,S,N,Adult,D,0,2.8310588265196923,Mrs.,1,Little,female_Adult
16,0,3,male,3.371596911885865,Q,N,Child,D,0,2.396079697380563,Master.,6,High,male_Child
17,1,2,male,2.5649493574615367,S,N,Adult,D,0,2.8310588265196923,Mr.,1,Little,male_Adult
18,0,3,female,2.8903717578961645,S,N,Adult,D,0,2.396079697380563,Mrs.,2,Little,female_Adult
19,1,3,female,1.9775472339984959,C,N,Adult,D,0,2.396079697380563,Mrs.,1,Little,female_Adult
20,0,2,male,3.258096538021482,S,N,Adult,D,0,2.8310588265196923,Mr.,1,Little,male_Adult
21,1,2,male,2.5649493574615367,S,D,Adult,D,0,2.8310588265196923,Mr.,1,Little,male_Adult
22,1,3,female,2.0830848965946345,Q,N,Teen,D,0,2.396079697380563,Miss.,1,Little,female_Teen
23,1,1,male,3.56953269648137,S,A,Adult,D,0,4.078828900431776,Mr.,1,Little,male_Adult
24,0,3,female,3.048087503887919,S,N,Child,D,0,2.396079697380563,Miss.,5,Moderate,female_Child
25,1,3,female,3.4464097244837033,S,N,Adult,D,0,2.396079697380563,Mrs.,7,High,female_Adult
26,0,3,male,1.9775472339984959,C,N,Adult,D,0,2.396079697380563,Mr.,1,Little,male_Adult
27,0,1,male,5.572154032177765,S,C,Teen,D,0,4.078828900431776,Mr.,6,High,male_Teen
28,1,3,female,2.0642263758733557,Q,N,Adult,D,0,2.396079697380563,Miss.,1,Little,female_Adult
29,0,3,male,2.0663309725297405,S,N,Adult,D,0,2.396079697380563,Mr.,1,Little,male_Adult
30,0,1,male,3.32218303393412,C,N,Adult,P,0,4.078828900431776,Others,1,Little,male_Adult
31,1,1,female,4.9871673979011675,C,B,Adult,P,0,4.078828900431776,Mrs.,2,Little,female_Adult
32,1,3,female,2.0476928433652555,Q,N,Adult,D,0,2.396079697380563,Miss.,1,Little,female_Adult
33,0,2,male,2.3513752571634776,S,N,Adult,C,0,2.8310588265196923,Mr.,1,Little,male_Adult
34,0,1,male,4.408800007809053,C,N,Adult,P,0,4.078828900431776,Mr.,2,Little,male_Adult
35,0,1,male,3.9512437185814275,S,N,Adult,D,0,4.078828900431776,Mr.,2,Little,male_Adult
36,1,3,male,1.9781283799793465,C,N,Adult,D,0,2.396079697380563,Mr.,1,Little,male_Adult
37,0,3,male,2.0856720914304723,S,N,Adult,A,0,2.396079697380563,Mr.,1,Little,male_Adult
38,0,3,female,2.8903717578961645,S,N,Teen,D,0,2.396079697380563,Miss.,3,Moderate,female_Teen
39,1,3,female,2.419630078580691,C,N,Teen,D,0,2.396079697380563,Miss.,2,Little,female_Teen
40,0,3,female,2.24865675096849,S,N,Adult,D,0,2.396079697380563,Mrs.,2,Little,female_Adult
41,0,2,female,3.044522437723423,S,N,Adult,D,0,2.8310588265196923,Mrs.,2,Little,female_Adult
42,0,3,male,2.0663309725297405,C,N,Adult,D,0,2.396079697380563,Mr.,1,Little,male_Adult
43,1,2,female,3.7276000422255353,C,N,Child,S,0,2.8310588265196923,Miss.,4,Moderate,female_Child
44,1,3,female,2.0642263758733557,Q,N,Teen,D,0,2.396079697380563,Miss.,1,Little,female_Teen
45,0,3,male,2.0856720914304723,S,N,Adult,S,0,2.396079697380563,Mr.,1,Little,male_Adult
46,0,3,male,2.740840023925201,Q,N,Adult,D,0,2.396079697380563,Mr.,2,Little,male_Adult
47,1,3,female,2.0476928433652555,Q,N,Adult,D,0,2.396079697380563,Miss.,1,Little,female_Adult
48,0,3,male,3.0763532755216065,C,N,Adult,D,0,2.396079697380563,Mr.,3,Moderate,male_Adult
49,0,3,female,2.8791984572980396,S,N,Teen,D,0,2.396079697380563,Mrs.,2,Little,female_Teen
50,0,3,male,3.6810362766529106,S,N,Child,D,0,2.396079697380563,Master.,6,High,male_Child
51,0,3,male,2.0541237336955462,S,N,Adult,A,0,2.396079697380563,Mr.,1,Little,male_Adult
52,1,1,female,4.340282339965535,C,D,Adult,P,0,4.078828900431776,Mrs.,2,Little,female_Adult
53,1,2,female,3.258096538021482,S,N,Adult,D,0,2.8310588265196923,Mrs.,2,Little,female_Adult
54,0,1,male,4.126798844886821,C,B,Adult,D,0,4.078828900431776,Mr.,2,Little,male_Adult
55,1,1,male,3.56953269648137,S,C,Adult,D,0,4.078828900431776,Mr.,1,Little,male_Adult
56,1,2,female,2.3513752571634776,S,N,Adult,C,0,2.8310588265196923,Miss.,1,Little,female_Adult
57,0,3,male,1.9781283799793465,C,N,Adult,D,0,2.396079697380563,Mr.,1,Little,male_Adult
58,1,2,female,3.3232358401924436,S,N,Child,C,0,2.8310588265196923,Miss.,4,Moderate,female_Child
59,0,3,male,3.8480176754522337,S,N,Child,C,0,2.396079697380563,Master.,8,High,male_Child
60,0,3,male,1.9781283799793465,C,N,Adult,D,0,2.396079697380563,Mr.,1,Little,male_Adult
61,1,1,female,4.382026634673881,S,B,Adult,D,0,4.078828900431776,Miss.,1,Little,female_Adult
62,0,1,male,4.424547185829718,S,C,Adult,D,0,4.078828900431776,Mr.,2,Little,male_Adult
63,0,3,male,3.32862668882732,S,N,Child,D,0,2.396079697380563,Master.,6,High,male_Child
64,0,1,male,3.32218303393412,C,N,Adult,P,0,4.078828900431776,Mr.,1,Little,male_Adult
65,1,3,male,2.7243040552851014,C,N,Adult,D,0,2.396079697380563,Master.,3,Moderate,male_Adult
66,1,2,female,2.3513752571634776,S,F,Adult,C,0,2.8310588265196923,Mrs.,1,Little,female_Adult
67,0,3,male,2.0990358139382788,S,N,Teen,S,0,2.396079697380563,Mr.,1,Little,male_Teen
68,1,3,female,2.0700223197633445,S,N,Teen,D,0,2.396079697380563,Miss.,7,High,female_Teen
69,0,3,male,2.1590033645160216,S,N,Adult,D,0,2.396079697380563,Mr.,3,Moderate,male_Adult
70,0,2,male,2.3513752571634776,S,N,Adult,C,0,2.8310588265196923,Mr.,1,Little,male_Adult
71,0,3,female,3.8480176754522337,S,N,Teen,C,0,2.396079697380563,Miss.,8,High,female_Teen
72,0,2,male,4.297285406218791,S,N,Adult,S,0,2.8310588265196923,Mr.,1,Little,male_Adult
73,0,3,male,2.6709850297651974,C,N,Adult,D,0,2.396079697380563,Mr.,2,Little,male_Adult
74,1,3,male,4.034166299106131,S,N,Adult,D,0,2.396079697380563,Mr.,1,Little,male_Adult
75,0,3,male,2.0347056478384444,S,F,Adult,D,0,2.396079697380563,Mr.,1,Little,male_Adult
76,0,3,male,2.0663309725297405,S,N,Adult,D,0,2.396079697380563,Mr.,1,Little,male_Adult
77,0,3,male,2.0856720914304723,S,N,Adult,D,0,2.396079697380563,Mr.,1,Little,male_Adult
78,1,2,male,3.367295829986474,S,N,Child,D,0,2.8310588265196923,Master.,3,Moderate,male_Child
79,1,3,female,2.5237266416375825,S,N,Adult,D,0,2.396079697380563,Miss.,1,Little,female_Adult
80,0,3,male,2.1972245773362196,S,N,Adult,D,0,2.396079697380563,Mr.,1,Little,male_Adult
81,1,3,male,2.2512917986064953,S,N,Adult,D,0,2.396079697380563,Mr.,1,Little,male_Adult
82,1,3,female,2.0525198841135714,Q,N,Adult,D,0,2.396079697380563,Miss.,1,Little,female_Adult
83,0,1,male,3.8522730010223722,S,N,Adult,D,0,4.078828900431776,Mr.,1,Little,male_Adult
84,1,2,female,2.3513752571634776,S,N,Teen,S,0,2.8310588265196923,Miss.,1,Little,female_Teen
85,1,3,female,2.7631695003232895,S,N,Adult,D,0,2.396079697380563,Mrs.,4,Moderate,female_Adult
86,0,3,male,3.5373295559867355,S,N,Teen,W,0,2.396079697380563,Mr.,5,Moderate,male_Teen
87,0,3,male,2.0856720914304723,S,N,Adult,S,0,2.396079697380563,Mr.,1,Little,male_Adult
88,1,1,female,5.572154032177765,S,C,Adult,D,0,4.078828900431776,Miss.,6,High,female_Adult
89,0,3,male,2.0856720914304723,S,N,Adult,D,0,2.396079697380563,Mr.,1,Little,male_Adult
90,0,3,male,2.0856720914304723,S,N,Adult,D,0,2.396079697380563,Mr.,1,Little,male_Adult
91,0,3,male,2.061048420562944,S,N,Teen,D,0,2.396079697380563,Mr.,1,Little,male_Teen
92,0,1,male,4.113738609328736,S,E,Adult,W,0,4.078828900431776,Mr.,2,Little,male_Adult
93,0,3,male,3.0240767465631335,S,N,Adult,C,0,2.396079697380563,Mr.,4,Moderate,male_Adult
94,0,3,male,1.9810014688665833,S,N,Adult,D,0,2.396079697380563,Mr.,1,Little,male_Adult
95,0,3,male,2.0856720914304723,S,N,Adult,D,0,2.396079697380563,Mr.,1,Little,male_Adult
96,0,1,male,3.545418930411529,C,A,Adult,P,0,4.078828900431776,Mr.,1,Little,male_Adult
97,1,1,male,4.148805916338137,C,D,Adult,P,0,4.078828900431776,Mr.,2,Little,male_Adult
98,1,2,female,3.1354942159291497,S,N,Adult,D,0,2.8310588265196923,Mrs.,2,Little,female_Adult
99,0,2,male,3.258096538021482,S,N,Adult,D,0,2.8310588265196923,Mr.,2,Little,male_Adult
100,0,3,female,2.0663309725297405,S,N,Adult,D,0,2.396079697380563,Miss.,1,Little,female_Adult
101,0,3,male,2.0663309725297405,S,N,Adult,D,0,2.396079697380563,Mr.,1,Little,male_Adult
102,0,1,male,4.347532234884687,S,D,Adult,D,0,4.078828900431776,Mr.,2,Little,male_Adult
103,0,3,male,2.158044752235899,S,N,Adult,D,0,2.396079697380563,Mr.,1,Little,male_Adult
104,0,3,male,2.0700223197633445,S,N,Adult,D,0,2.396079697380563,Mr.,3,Moderate,male_Adult
105,0,3,male,2.0663309725297405,S,N,Adult,D,0,2.396079697380563,Mr.,1,Little,male_Adult
106,1,3,female,2.0347056478384444,S,N,Adult,D,0,2.396079697380563,Miss.,1,Little,female_Adult
107,1,3,male,2.0509134580652977,S,N,Adult,D,0,2.396079697380563,Mr.,1,Little,male_Adult
108,0,3,male,2.0663309725297405,S,N,Adult,D,0,2.396079697380563,Mr.,1,Little,male_Adult
109,1,3,female,3.184284380098582,Q,N,Adult,D,0,2.396079697380563,Miss.,2,Little,female_Adult
110,0,1,male,3.9512437185814275,S,C,Adult,D,0,4.078828900431776,Mr.,1,Little,male_Adult
111,0,3,female,2.6709850297651974,C,N,Teen,D,0,2.396079697380563,Miss.,2,Little,female_Teen
112,0,3,male,2.0856720914304723,S,N,Adult,D,0,2.396079697380563,Mr.,1,Little,male_Adult
113,0,3,female,2.284930157755325,S,N,Teen,D,0,2.396079697380563,Miss.,2,Little,female_Teen
114,0,3,female,2.671268644120752,C,N,Teen,D,0,2.396079697380563,Miss.,1,Little,female_Teen
115,0,3,male,2.0700223197633445,S,N,Adult,S,0,2.396079697380563,Mr.,1,Little,male_Adult
116,0,3,male,2.0476928433652555,Q,N,Adult,D,0,2.396079697380563,Mr.,1,Little,male_Adult
117,0,2,male,3.044522437723423,S,N,Adult,D,0,2.8310588265196923,Mr.,2,Little,male_Adult
118,0,1,male,5.5114946188815885,C,B,Adult,P,0,4.078828900431776,Mr.,2,Little,male_Adult
119,0,3,female,3.442819056352975,S,N,Child,D,0,2.396079697380563,Miss.,7,High,female_Child
120,0,2,male,4.297285406218791,S,N,Adult,S,0,2.8310588265196923,Mr.,3,Moderate,male_Adult
121,0,3,male,2.0856720914304723,S,N,Adult,A,0,2.396079697380563,Mr.,1,Little,male_Adult
122,0,2,male,3.4035546012358333,C,N,Adult,D,0,2.8310588265196923,Mr.,2,Little,male_Adult
123,1,2,female,2.5649493574615367,S,E,Adult,D,0,2.8310588265196923,Miss.,1,Little,female_Adult
124,0,1,male,4.347532234884687,S,D,Adult,D,0,4.078828900431776,Mr.,2,Little,male_Adult
125,1,3,male,2.419630078580691,C,N,Child,D,0,2.396079697380563,Master.,2,Little,male_Child
126,0,3,male,2.0476928433652555,Q,N,Adult,D,0,2.396079697380563,Mr.,1,Little,male_Adult
127,1,3,male,1.9659508432494155,S,N,Adult,C,0,2.396079697380563,Mr.,1,Little,male_Adult
128,1,3,female,3.107197616774036,C,F,Adult,D,0,2.396079697380563,Miss.,3,Moderate,female_Adult
129,0,3,male,1.9423323277074294,S,N,Adult,D,0,2.396079697380563,Mr.,1,Little,male_Adult
130,0,3,male,2.0663309725297405,C,N,Adult,D,0,2.396079697380563,Mr.,1,Little,male_Adult
131,0,3,male,1.9530276168241774,S,N,Teen,S,0,2.396079697380563,Mr.,1,Little,male_Teen
132,0,3,female,2.6741486494265287,S,N,Adult,A,0,2.396079697380563,Mrs.,2,Little,female_Adult
133,1,2,female,3.258096538021482,S,N,Adult,D,0,2.8310588265196923,Mrs.,2,Little,female_Adult
134,0,2,male,2.5649493574615367,S,N,Adult,C,0,2.8310588265196923,Mr.,1,Little,male_Adult
135,0,2,male,2.711098882480229,C,N,Adult,S,0,2.8310588265196923,Mr.,1,Little,male_Adult
136,1,1,female,3.2689337565093157,S,D,Teen,D,0,4.078828900431776,Miss.,3,Moderate,female_Teen
137,0,1,male,3.9721769282478934,S,C,Adult,D,0,4.078828900431776,Mr.,2,Little,male_Adult
138,0,3,male,2.221017055930222,S,N,Teen,D,0,2.396079697380563,Mr.,1,Little,male_Teen
139,0,1,male,4.37197629882038,C,B,Adult,P,0,4.078828900431776,Mr.,1,Little,male_Adult
140,0,3,female,2.7243040552851014,C,N,Adult,D,0,2.396079697380563,Mrs.,3,Moderate,female_Adult
141,1,3,female,2.0476928433652555,S,N,Adult,D,0,2.396079697380563,Miss.,1,Little,female_Adult
142,1,3,female,2.7631695003232895,S,N,Adult,S,0,2.396079697380563,Mrs.,2,Little,female_Adult
143,0,3,male,1.9095425048844386,Q,N,Teen,D,0,2.396079697380563,Mr.,1,Little,male_Teen
144,0,2,male,2.4423470353692043,S,N,Teen,D,0,2.8310588265196923,Mr.,1,Little,male_Teen
145,0,2,male,3.6041382256588457,S,N,Teen,C,0,2.8310588265196923,Mr.,3,Moderate,male_Teen
146,1,3,male,2.0535851271346086,S,N,Adult,D,0,2.396079697380563,Mr.,1,Little,male_Adult
147,0,3,female,3.5373295559867355,S,N,Child,W,0,2.396079697380563,Miss.,5,Moderate,female_Child
148,0,2,male,3.258096538021482,S,F,Adult,D,0,2.8310588265196923,Mr.,3,Moderate,male_Adult
149,0,2,male,2.5649493574615367,S,N,Adult,D,0,2.8310588265196923,Others,1,Little,male_Adult
150,0,2,male,2.5277266469709283,S,N,Adult,S,0,2.8310588265196923,Others,1,Little,male_Adult
151,1,1,female,4.198704577546343,S,C,Adult,D,0,4.078828900431776,Mrs.,2,Little,female_Adult
152,0,3,male,2.0856720914304723,S,N,Adult,A,0,2.396079697380563,Mr.,1,Little,male_Adult
153,0,3,male,2.6741486494265287,S,N,Adult,A,0,2.396079697380563,Mr.,3,Moderate,male_Adult
154,0,3,male,1.989585212557975,S,N,Adult,F,0,2.396079697380563,Mr.,1,Little,male_Adult
155,0,1,male,4.117071015545232,C,N,Adult,P,0,4.078828900431776,Mr.,2,Little,male_Adult
156,1,3,female,2.0455356796500372,Q,N,Teen,D,0,2.396079697380563,Miss.,1,Little,female_Teen
157,0,3,male,2.0856720914304723,S,N,Adult,S,0,2.396079697380563,Mr.,1,Little,male_Adult
158,0,3,male,2.1590033645160216,S,N,Adult,D,0,2.396079697380563,Mr.,1,Little,male_Adult
159,0,3,male,4.242045918369452,S,N,Adult,C,0,2.396079697380563,Master.,11,High,male_Adult
160,0,3,male,2.7788192719904172,S,N,Adult,D,0,2.396079697380563,Mr.,2,Little,male_Adult
161,1,2,female,2.7568403652716422,S,N,Adult,C,0,2.8310588265196923,Mrs.,1,Little,female_Adult
162,0,3,male,2.0509134580652977,S,N,Adult,D,0,2.396079697380563,Mr.,1,Little,male_Adult
163,0,3,male,2.1590033645160216,S,N,Teen,D,0,2.396079697380563,Mr.,1,Little,male_Teen
164,0,3,male,3.6810362766529106,S,N,Child,D,0,2.396079697380563,Master.,6,High,male_Child
165,1,3,male,3.021643655338492,S,N,Child,D,0,2.396079697380563,Master.,3,Moderate,male_Child
166,1,1,female,4.007333185232471,S,E,Adult,D,0,4.078828900431776,Mrs.,2,Little,female_Adult
167,0,3,female,3.32862668882732,S,N,Adult,D,0,2.396079697380563,Mrs.,6,High,female_Adult
168,0,1,male,3.2552077541155913,S,N,Adult,P,0,4.078828900431776,Mr.,1,Little,male_Adult
169,0,3,male,4.034166299106131,S,N,Adult,D,0,2.396079697380563,Mr.,1,Little,male_Adult
170,0,1,male,3.5115454388310208,S,B,Adult,D,0,4.078828900431776,Mr.,1,Little,male_Adult
171,0,3,male,3.371596911885865,Q,N,Child,D,0,2.396079697380563,Master.,6,High,male_Child
172,1,3,female,2.409940617298087,S,N,Child,D,0,2.396079697380563,Miss.,3,Moderate,female_Child
173,0,3,male,2.0700223197633445,S,N,Adult,S,0,2.396079697380563,Mr.,1,Little,male_Adult
174,0,1,male,3.424125837416519,C,A,Adult,D,0,4.078828900431776,Mr.,1,Little,male_Adult
175,0,3,male,2.061048420562944,S,N,Teen,D,0,2.396079697380563,Mr.,3,Moderate,male_Teen
176,0,3,male,3.237371716404032,S,N,Adult,D,0,2.396079697380563,Master.,5,Moderate,male_Adult
177,0,1,female,3.3573325680152166,C,C,Adult,P,0,4.078828900431776,Miss.,1,Little,female_Adult
178,0,2,male,2.5649493574615367,S,N,Adult,D,0,2.8310588265196923,Mr.,1,Little,male_Adult
179,0,3,male,0.0,S,N,Adult,L,1,2.396079697380563,Mr.,1,Little,male_Adult
180,0,3,female,4.242045918369452,S,N,Adult,C,0,2.396079697380563,Miss.,11,High,female_Adult
181,0,2,male,2.711377991194885,C,N,Adult,S,0,2.8310588265196923,Mr.,1,Little,male_Adult
182,0,3,male,3.4464097244837033,S,N,Child,D,0,2.396079697380563,Master.,7,High,male_Child
183,1,2,male,3.6635616461296463,S,F,Child,D,0,2.8310588265196923,Master.,4,Moderate,male_Child
184,1,3,female,3.092178171822243,S,N,Child,D,0,2.396079697380563,Miss.,3,Moderate,female_Child
185,0,1,male,3.912023005428146,S,A,Adult,D,0,4.078828900431776,Mr.,1,Little,male_Adult
186,1,3,female,2.740840023925201,Q,N,Adult,D,0,2.396079697380563,Mrs.,2,Little,female_Adult
187,1,1,male,3.279029747687948,S,N,Adult,D,0,4.078828900431776,Mr.,1,Little,male_Adult
188,0,3,male,2.740840023925201,Q,N,Adult,D,0,2.396079697380563,Mr.,3,Moderate,male_Adult
189,0,3,male,2.0663309725297405,S,N,Adult,D,0,2.396079697380563,Mr.,1,Little,male_Adult
190,1,2,female,2.5649493574615367,S,N,Adult,D,0,2.8310588265196923,Mrs.,1,Little,female_Adult
191,0,2,male,2.5649493574615367,S,N,Teen,D,0,2.8310588265196923,Mr.,1,Little,male_Teen
192,1,3,female,2.061048420562944,S,N,Teen,D,0,2.396079697380563,Miss.,2,Little,female_Teen
193,1,2,male,3.258096538021482,S,F,Child,D,0,2.8310588265196923,Master.,3,Moderate,male_Child
194,1,1,female,3.32218303393412,C,B,Adult,P,0,4.078828900431776,Mrs.,1,Little,female_Adult
195,1,1,female,4.9871673979011675,C,B,Adult,P,0,4.078828900431776,Miss.,1,Little,female_Adult
196,0,3,male,2.0476928433652555,Q,N,Adult,D,0,2.396079697380563,Mr.,1,Little,male_Adult
197,0,3,male,2.128731580890919,S,N,Adult,D,0,2.396079697380563,Mr.,2,Little,male_Adult
198,1,3,female,2.0476928433652555,Q,N,Adult,D,0,2.396079697380563,Miss.,1,Little,female_Adult
199,0,2,female,2.5649493574615367,S,N,Adult,D,0,2.8310588265196923,Miss.,1,Little,female_Adult
200,0,3,male,2.2512917986064953,S,N,Adult,D,0,2.396079697380563,Mr.,1,Little,male_Adult
201,0,3,male,4.242045918369452,S,N,Adult,C,0,2.396079697380563,Mr.,11,High,male_Adult
202,0,3,male,1.8711558142080713,S,N,Adult,D,0,2.396079697380563,Mr.,1,Little,male_Adult
203,0,3,male,1.9775472339984959,C,N,Adult,D,0,2.396079697380563,Mr.,1,Little,male_Adult
204,1,3,male,2.0856720914304723,S,N,Teen,A,0,2.396079697380563,Mr.,1,Little,male_Teen
205,0,3,female,2.3477974358155937,S,G,Child,D,0,2.396079697380563,Miss.,2,Little,female_Child
206,0,3,male,2.7631695003232895,S,N,Adult,D,0,2.396079697380563,Mr.,2,Little,male_Adult
207,1,3,male,2.933191755079093,C,N,Adult,D,0,2.396079697380563,Mr.,1,Little,male_Adult
208,1,3,female,2.0476928433652555,Q,N,Teen,D,0,2.396079697380563,Miss.,1,Little,female_Teen
209,1,1,male,3.4339872044851463,C,A,Adult,D,0,4.078828900431776,Mr.,1,Little,male_Adult
210,0,3,male,1.9530276168241774,S,N,Adult,S,0,2.396079697380563,Mr.,1,Little,male_Adult
211,1,2,female,3.044522437723423,S,N,Adult,F,0,2.8310588265196923,Miss.,1,Little,female_Adult
212,0,3,male,1.9810014688665833,S,N,Adult,A,0,2.396079697380563,Mr.,1,Little,male_Adult
213,0,2,male,2.5649493574615367,S,N,Adult,D,0,2.8310588265196923,Mr.,1,Little,male_Adult
214,0,3,male,2.0476928433652555,Q,N,Adult,D,0,2.396079697380563,Mr.,2,Little,male_Adult
215,1,1,female,4.729818490553202,C,D,Adult,D,0,4.078828900431776,Miss.,2,Little,female_Adult
216,1,3,female,2.0700223197633445,S,N,Adult,S,0,2.396079697380563,Miss.,1,Little,female_Adult
217,0,2,male,3.295836866004329,S,N,Adult,D,0,2.8310588265196923,Mr.,2,Little,male_Adult
218,1,1,female,4.334564151246186,C,D,Adult,D,0,4.078828900431776,Miss.,1,Little,female_Adult
219,0,2,male,2.3513752571634776,S,N,Adult,W,0,2.8310588265196923,Mr.,1,Little,male_Adult
220,1,3,male,2.0856720914304723,S,N,Teen,S,0,2.396079697380563,Mr.,1,Little,male_Teen
221,0,2,male,2.5649493574615367,S,N,Adult,D,0,2.8310588265196923,Mr.,1,Little,male_Adult
222,0,3,male,2.0856720914304723,S,N,Adult,D,0,2.396079697380563,Mr.,1,Little,male_Adult
223,0,3,male,2.0663309725297405,S,N,Adult,D,0,2.396079697380563,Mr.,1,Little,male_Adult
224,1,1,male,4.499809670330265,S,C,Adult,D,0,4.078828900431776,Mr.,2,Little,male_Adult
225,0,3,male,2.2353763433005955,S,N,Adult,P,0,2.396079697380563,Mr.,1,Little,male_Adult
226,1,2,male,2.3513752571634776,S,N,Teen,S,0,2.8310588265196923,Mr.,1,Little,male_Teen
227,0,3,male,1.9810014688665833,S,N,Adult,A,0,2.396079697380563,Mr.,1,Little,male_Adult
228,0,2,male,2.5649493574615367,S,N,Teen,D,0,2.8310588265196923,Mr.,1,Little,male_Teen
229,0,3,female,3.237371716404032,S,N,Adult,D,0,2.396079697380563,Miss.,5,Moderate,female_Adult
230,1,1,female,4.424547185829718,S,C,Adult,D,0,4.078828900431776,Mrs.,2,Little,female_Adult
231,0,3,male,2.0509134580652977,S,N,Adult,D,0,2.396079697380563,Mr.,1,Little,male_Adult
232,0,2,male,2.6026896854443837,S,N,Adult,D,0,2.8310588265196923,Mr.,1,Little,male_Adult
233,1,3,female,3.4464097244837033,S,N,Child,D,0,2.396079697380563,Miss.,7,High,female_Child
234,0,2,male,2.3513752571634776,S,N,Adult,C,0,2.8310588265196923,Mr.,1,Little,male_Adult
235,0,3,female,2.0215475632609334,S,N,Adult,W,0,2.396079697380563,Miss.,1,Little,female_Adult
236,0,2,male,3.258096538021482,S,N,Adult,D,0,2.8310588265196923,Mr.,2,Little,male_Adult
237,1,2,female,3.2676659890376327,S,N,Child,C,0,2.8310588265196923,Miss.,3,Moderate,female_Child
238,0,2,male,2.3513752571634776,S,N,Teen,D,0,2.8310588265196923,Mr.,1,Little,male_Teen
239,0,2,male,2.507564673680584,S,N,Adult,S,0,2.8310588265196923,Mr.,1,Little,male_Adult
240,0,3,female,2.6709850297651974,C,N,Adult,D,0,2.396079697380563,Miss.,2,Little,female_Adult
241,1,3,female,2.740840023925201,Q,N,Adult,D,0,2.396079697380563,Miss.,2,Little,female_Adult
242,0,2,male,2.3513752571634776,S,N,Adult,W,0,2.8310588265196923,Mr.,1,Little,male_Adult
243,0,3,male,1.9636097261547143,S,N,Adult,S,0,2.396079697380563,Mr.,1,Little,male_Adult
244,0,3,male,1.9775472339984959,C,N,Adult,D,0,2.396079697380563,Mr.,1,Little,male_Adult
245,0,1,male,4.499809670330265,Q,C,Adult,D,0,4.078828900431776,Others,3,Moderate,male_Adult
246,0,3,female,2.0509134580652977,S,N,Adult,D,0,2.396079697380563,Miss.,1,Little,female_Adult
247,1,2,female,2.6741486494265287,S,N,Adult,D,0,2.8310588265196923,Mrs.,3,Moderate,female_Adult
248,1,1,male,3.961845018011234,S,D,Adult,D,0,4.078828900431776,Mr.,3,Moderate,male_Adult
249,0,2,male,3.258096538021482,S,N,Adult,D,0,2.8310588265196923,Others,2,Little,male_Adult
250,0,3,male,1.9810014688665833,S,N,Adult,D,0,2.396079697380563,Mr.,1,Little,male_Adult
251,0,3,female,2.3477974358155937,S,G,Adult,D,0,2.396079697380563,Mrs.,3,Moderate,female_Adult
252,0,1,male,3.279029747687948,S,C,Adult,D,0,4.078828900431776,Mr.,1,Little,male_Adult
253,0,3,male,2.7788192719904172,S,N,Adult,A,0,2.396079697380563,Mr.,2,Little,male_Adult
254,0,3,female,3.006301224903225,S,N,Adult,D,0,2.396079697380563,Mrs.,3,Moderate,female_Adult
255,1,3,female,2.7243040552851014,C,N,Adult,D,0,2.396079697380563,Mrs.,3,Moderate,female_Adult
256,1,1,female,4.37197629882038,C,N,Adult,P,0,4.078828900431776,Mrs.,1,Little,female_Adult
257,1,1,female,4.460144413937834,S,B,Adult,D,0,4.078828900431776,Miss.,1,Little,female_Adult
258,1,1,female,6.238967387173662,C,N,Adult,P,0,4.078828900431776,Miss.,1,Little,female_Adult
259,1,2,female,3.258096538021482,S,N,Adult,D,0,2.8310588265196923,Mrs.,2,Little,female_Adult
260,0,3,male,2.0476928433652555,Q,N,Adult,D,0,2.396079697380563,Mr.,1,Little,male_Adult
261,1,3,male,3.4464097244837033,S,N,Child,D,0,2.396079697380563,Master.,7,High,male_Child
262,0,1,male,4.3776420363560575,S,E,Adult,D,0,4.078828900431776,Mr.,3,Moderate,male_Adult
263,0,1,male,0.0,S,B,Adult,D,1,4.078828900431776,Mr.,1,Little,male_Adult
264,0,3,female,2.0476928433652555,Q,N,Adult,D,0,2.396079697380563,Miss.,1,Little,female_Adult
265,0,2,male,2.3513752571634776,S,N,Adult,C,0,2.8310588265196923,Mr.,1,Little,male_Adult
266,0,3,male,3.6810362766529106,S,N,Teen,D,0,2.396079697380563,Mr.,6,High,male_Teen
267,1,3,male,2.0509134580652977,S,N,Adult,D,0,2.396079697380563,Mr.,2,Little,male_Adult
268,1,1,female,5.033456237506958,S,C,Adult,P,0,4.078828900431776,Mrs.,2,Little,female_Adult
269,1,1,female,4.909954920578875,S,C,Adult,P,0,4.078828900431776,Miss.,1,Little,female_Adult
270,0,1,male,3.4339872044851463,S,N,Adult,D,0,4.078828900431776,Mr.,1,Little,male_Adult
271,1,3,male,0.0,S,N,Adult,L,1,2.396079697380563,Mr.,1,Little,male_Adult
272,1,2,female,2.970414465569701,S,N,Adult,D,0,2.8310588265196923,Mrs.,2,Little,female_Adult
273,0,1,male,3.391147045808654,C,C,Adult,P,0,4.078828900431776,Mr.,2,Little,male_Adult
274,1,3,female,2.0476928433652555,Q,N,Adult,D,0,2.396079697380563,Miss.,1,Little,female_Adult
275,1,1,female,4.356174068347218,S,D,Adult,D,0,4.078828900431776,Miss.,2,Little,female_Adult
276,0,3,female,2.0476928433652555,S,N,Adult,D,0,2.396079697380563,Miss.,1,Little,female_Adult
277,0,2,male,0.0,S,N,Adult,D,1,2.8310588265196923,Mr.,1,Little,male_Adult
278,0,3,male,3.371596911885865,Q,N,Child,D,0,2.396079697380563,Master.,6,High,male_Child
279,1,3,female,3.0081547935525483,S,N,Adult,C,0,2.396079697380563,Mrs.,3,Moderate,female_Adult
280,0,3,male,2.0476928433652555,Q,N,Adult,D,0,2.396079697380563,Mr.,1,Little,male_Adult
281,0,3,male,2.061048420562944,S,N,Adult,D,0,2.396079697380563,Mr.,1,Little,male_Adult
282,0,3,male,2.2512917986064953,S,N,Teen,D,0,2.396079697380563,Mr.,1,Little,male_Teen
283,1,3,male,2.0856720914304723,S,N,Teen,A,0,2.396079697380563,Mr.,1,Little,male_Teen
284,0,1,male,3.258096538021482,S,A,Adult,D,0,4.078828900431776,Mr.,1,Little,male_Adult
285,0,3,male,2.1590033645160216,C,N,Adult,D,0,2.396079697380563,Mr.,1,Little,male_Adult
286,1,3,male,2.2512917986064953,S,N,Adult,D,0,2.396079697380563,Mr.,1,Little,male_Adult
287,0,3,male,2.0663309725297405,S,N,Adult,D,0,2.396079697380563,Mr.,1,Little,male_Adult
288,1,2,male,2.5649493574615367,S,N,Adult,D,0,2.8310588265196923,Mr.,1,Little,male_Adult
289,1,3,female,2.0476928433652555,Q,N,Adult,D,0,2.396079697380563,Miss.,1,Little,female_Adult
290,1,1,female,4.367547313409047,S,N,Adult,D,0,4.078828900431776,Miss.,1,Little,female_Adult
291,1,1,female,4.51172945766992,C,B,Teen,D,0,4.078828900431776,Mrs.,2,Little,female_Teen
292,0,2,male,2.5552874465497997,C,D,Adult,S,0,2.8310588265196923,Mr.,1,Little,male_Adult
293,0,3,female,2.180417459019838,S,N,Adult,D,0,2.396079697380563,Miss.,1,Little,female_Adult
294,0,3,male,2.0663309725297405,S,N,Adult,D,0,2.396079697380563,Mr.,1,Little,male_Adult
295,0,1,male,3.32218303393412,C,N,Adult,P,0,4.078828900431776,Mr.,1,Little,male_Adult
296,0,3,male,1.9781283799793465,C,N,Adult,D,0,2.396079697380563,Mr.,1,Little,male_Adult
297,0,1,female,5.020915603503812,S,C,Child,D,0,4.078828900431776,Miss.,4,Moderate,female_Child
298,1,1,male,3.417726683613366,S,C,Adult,D,0,4.078828900431776,Mr.,1,Little,male_Adult
299,1,1,female,5.5114946188815885,C,B,Adult,P,0,4.078828900431776,Mrs.,2,Little,female_Adult
300,1,3,female,2.0476928433652555,Q,N,Adult,D,0,2.396079697380563,Miss.,1,Little,female_Adult
301,1,3,male,3.1463051320333655,Q,N,Adult,D,0,2.396079697380563,Mr.,3,Moderate,male_Adult
302,0,3,male,0.0,S,N,Teen,L,1,2.396079697380563,Mr.,1,Little,male_Teen
303,1,2,female,2.513656063073986,Q,E,Adult,D,0,2.8310588265196923,Miss.,1,Little,female_Adult
304,0,3,male,2.0856720914304723,S,N,Adult,A,0,2.396079697380563,Mr.,1,Little,male_Adult
305,1,1,male,5.020915603503812,S,C,Child,D,0,4.078828900431776,Master.,4,Moderate,male_Child
306,1,1,female,4.708478296903478,C,N,Adult,D,0,4.078828900431776,Miss.,1,Little,female_Adult
307,1,1,female,4.690430029938915,C,C,Teen,P,0,4.078828900431776,Mrs.,2,Little,female_Teen
308,0,2,male,3.1780538303479458,C,N,Adult,P,0,2.8310588265196923,Mr.,2,Little,male_Adult
309,1,1,female,4.041808390519271,C,E,Adult,P,0,4.078828900431776,Miss.,1,Little,female_Adult
310,1,1,female,4.4207460202604185,C,C,Adult,D,0,4.078828900431776,Miss.,1,Little,female_Adult
311,1,1,female,5.569774778140797,C,B,Teen,P,0,4.078828900431776,Miss.,5,Moderate,female_Teen
312,0,2,female,3.258096538021482,S,N,Adult,D,0,2.8310588265196923,Mrs.,3,Moderate,female_Adult
313,0,3,male,2.0663309725297405,S,N,Adult,D,0,2.396079697380563,Mr.,1,Little,male_Adult
314,0,2,male,3.2676659890376327,S,N,Adult,F,0,2.8310588265196923,Mr.,3,Moderate,male_Adult
315,1,3,female,2.061048420562944,S,N,Adult,D,0,2.396079697380563,Miss.,1,Little,female_Adult
316,1,2,female,3.258096538021482,S,N,Adult,D,0,2.8310588265196923,Mrs.,2,Little,female_Adult
317,0,2,male,2.6390573296152584,S,N,Adult,D,0,2.8310588265196923,Others,1,Little,male_Adult
318,1,1,female,5.1051372686027685,S,C,Adult,D,0,4.078828900431776,Miss.,3,Moderate,female_Adult
319,1,1,female,4.901564199041894,C,E,Adult,D,0,4.078828900431776,Mrs.,3,Moderate,female_Adult
320,0,3,male,1.9810014688665833,S,N,Adult,A,0,2.396079697380563,Mr.,1,Little,male_Adult
321,0,3,male,2.0663309725297405,S,N,Adult,D,0,2.396079697380563,Mr.,1,Little,male_Adult
322,1,2,female,2.513656063073986,Q,N,Adult,D,0,2.8310588265196923,Miss.,1,Little,female_Adult
323,1,2,female,3.367295829986474,S,N,Adult,D,0,2.8310588265196923,Mrs.,3,Moderate,female_Adult
324,0,3,male,4.242045918369452,S,N,Adult,C,0,2.396079697380563,Mr.,11,High,male_Adult
325,1,1,female,4.909954920578875,C,C,Adult,P,0,4.078828900431776,Miss.,1,Little,female_Adult
326,0,3,male,1.830579461077637,S,N,Adult,D,0,2.396079697380563,Mr.,1,Little,male_Adult
327,1,2,female,2.5649493574615367,S,D,Adult,D,0,2.8310588265196923,Mrs.,1,Little,female_Adult
328,1,3,female,3.021643655338492,S,N,Adult,D,0,2.396079697380563,Mrs.,3,Moderate,female_Adult
329,1,1,female,4.0600843255369865,C,B,Teen,D,0,4.078828900431776,Miss.,2,Little,female_Teen
330,1,3,female,3.1463051320333655,Q,N,Adult,D,0,2.396079697380563,Miss.,3,Moderate,female_Adult
331,0,1,male,3.349904087274605,S,C,Adult,D,0,4.078828900431776,Mr.,1,Little,male_Adult
332,0,1,male,5.033456237506958,S,C,Adult,P,0,4.078828900431776,Mr.,2,Little,male_Adult
333,0,3,male,2.8903717578961645,S,N,Teen,D,0,2.396079697380563,Mr.,3,Moderate,male_Teen
334,1,1,female,4.895224442584928,S,N,Adult,P,0,4.078828900431776,Mrs.,2,Little,female_Adult
335,0,3,male,2.0663309725297405,S,N,Adult,D,0,2.396079697380563,Mr.,1,Little,male_Adult
336,0,1,male,4.198704577546343,S,C,Adult,D,0,4.078828900431776,Mr.,2,Little,male_Adult
337,1,1,female,4.901564199041894,C,E,Adult,D,0,4.078828900431776,Miss.,1,Little,female_Adult
338,1,3,male,2.0856720914304723,S,N,Adult,D,0,2.396079697380563,Mr.,1,Little,male_Adult
339,0,1,male,3.56953269648137,S,G,Adult,D,0,4.078828900431776,Mr.,1,Little,male_Adult
340,1,2,male,3.258096538021482,S,F,Child,D,0,2.8310588265196923,Master.,3,Moderate,male_Child
341,1,1,female,5.572154032177765,S,C,Adult,D,0,4.078828900431776,Miss.,6,High,female_Adult
342,0,2,male,2.5649493574615367,S,N,Adult,D,0,2.8310588265196923,Mr.,1,Little,male_Adult
343,0,2,male,2.5649493574615367,S,N,Adult,D,0,2.8310588265196923,Mr.,1,Little,male_Adult
344,0,2,male,2.5649493574615367,S,N,Adult,D,0,2.8310588265196923,Mr.,1,Little,male_Adult
345,1,2,female,2.5649493574615367,S,F,Adult,D,0,2.8310588265196923,Miss.,1,Little,female_Adult
346,1,2,female,2.5649493574615367,S,N,Adult,D,0,2.8310588265196923,Miss.,1,Little,female_Adult
347,1,3,female,2.7788192719904172,S,N,Adult,D,0,2.396079697380563,Mrs.,2,Little,female_Adult
348,1,3,male,2.766319109226186,S,N,Child,C,0,2.396079697380563,Master.,3,Moderate,male_Child
349,0,3,male,2.1590033645160216,S,N,Adult,D,0,2.396079697380563,Mr.,1,Little,male_Adult
350,0,3,male,2.221917189926591,S,N,Adult,D,0,2.396079697380563,Mr.,1,Little,male_Adult
351,0,1,male,3.5553480614894135,S,C,Adult,D,0,4.078828900431776,Mr.,1,Little,male_Adult
352,0,3,male,1.9781283799793465,C,N,Teen,D,0,2.396079697380563,Mr.,3,Moderate,male_Teen
353,0,3,male,2.8791984572980396,S,N,Adult,D,0,2.396079697380563,Mr.,2,Little,male_Adult
354,0,3,male,1.9775472339984959,C,N,Adult,D,0,2.396079697380563,Mr.,1,Little,male_Adult
355,0,3,male,2.2512917986064953,S,N,Adult,D,0,2.396079697380563,Mr.,1,Little,male_Adult
356,1,1,female,4.007333185232471,S,E,Adult,D,0,4.078828900431776,Miss.,2,Little,female_Adult
357,0,2,female,2.5649493574615367,S,N,Adult,D,0,2.8310588265196923,Miss.,1,Little,female_Adult
358,1,3,female,2.0642263758733557,Q,N,Adult,D,0,2.396079697380563,Miss.,1,Little,female_Adult
359,1,3,female,2.0642263758733557,Q,N,Adult,D,0,2.396079697380563,Miss.,1,Little,female_Adult
360,0,3,male,3.32862668882732,S,N,Adult,D,0,2.396079697380563,Mr.,6,High,male_Adult
361,0,2,male,3.32218303393412,C,N,Adult,S,0,2.8310588265196923,Mr.,2,Little,male_Adult
362,0,3,female,2.6709850297651974,C,N,Adult,D,0,2.396079697380563,Mrs.,2,Little,female_Adult
363,0,3,male,1.9530276168241774,S,N,Adult,S,0,2.396079697380563,Mr.,1,Little,male_Adult
364,0,3,male,2.740840023925201,Q,N,Adult,D,0,2.396079697380563,Mr.,2,Little,male_Adult
365,0,3,male,1.9810014688665833,S,N,Adult,C,0,2.396079697380563,Mr.,1,Little,male_Adult
366,1,1,female,4.3208159036289855,C,D,Adult,D,0,4.078828900431776,Mrs.,2,Little,female_Adult
367,1,3,female,1.9781283799793465,C,N,Adult,D,0,2.396079697380563,Mrs.,1,Little,female_Adult
368,1,3,female,2.0476928433652555,Q,N,Adult,D,0,2.396079697380563,Miss.,1,Little,female_Adult
369,1,1,female,4.238444906195857,C,B,Adult,P,0,4.078828900431776,Others,1,Little,female_Adult
370,1,1,male,4.015332018192187,C,E,Adult,D,0,4.078828900431776,Mr.,2,Little,male_Adult
371,0,3,male,1.8711558142080713,S,N,Teen,D,0,2.396079697380563,Mr.,2,Little,male_Teen
372,0,3,male,2.0856720914304723,S,N,Teen,D,0,2.396079697380563,Mr.,1,Little,male_Teen
373,0,1,male,4.909954920578875,C,N,Adult,P,0,4.078828900431776,Mr.,1,Little,male_Adult
374,0,3,female,3.048087503887919,S,N,Child,D,0,2.396079697380563,Miss.,5,Moderate,female_Child
375,1,1,female,4.408800007809053,C,N,Adult,P,0,4.078828900431776,Mrs.,2,Little,female_Adult
376,1,3,female,1.9810014688665833,S,N,Adult,C,0,2.396079697380563,Miss.,1,Little,female_Adult
377,0,1,male,5.354224998486333,C,C,Adult,D,0,4.078828900431776,Mr.,3,Moderate,male_Adult
378,0,3,male,1.3894144884561344,C,N,Teen,D,0,2.396079697380563,Mr.,1,Little,male_Teen
379,0,3,male,2.0509134580652977,S,N,Teen,D,0,2.396079697380563,Mr.,1,Little,male_Teen
380,1,1,female,5.427260122463419,C,N,Adult,P,0,4.078828900431776,Miss.,1,Little,female_Adult
381,1,3,female,2.7563132422397203,C,N,Child,D,0,2.396079697380563,Miss.,3,Moderate,female_Child
382,0,3,male,2.0700223197633445,S,N,Adult,S,0,2.396079697380563,Mr.,1,Little,male_Adult
383,1,1,female,3.9512437185814275,S,N,Adult,D,0,4.078828900431776,Mrs.,2,Little,female_Adult
384,0,3,male,2.0663309725297405,S,N,Adult,D,0,2.396079697380563,Mr.,1,Little,male_Adult
385,0,2,male,4.297285406218791,S,N,Teen,S,0,2.8310588265196923,Mr.,1,Little,male_Teen
386,0,3,male,3.8480176754522337,S,N,Child,C,0,2.396079697380563,Master.,8,High,male_Child
387,1,2,female,2.5649493574615367,S,N,Adult,D,0,2.8310588265196923,Miss.,1,Little,female_Adult
388,0,3,male,2.0450053643587083,Q,N,Adult,D,0,2.396079697380563,Mr.,1,Little,male_Adult
389,1,2,female,2.4849066497880004,C,N,Teen,S,0,2.8310588265196923,Miss.,1,Little,female_Teen
390,1,1,male,4.787491742782046,S,B,Adult,D,0,4.078828900431776,Mr.,4,Moderate,male_Adult
391,1,3,male,2.0535851271346086,S,N,Adult,D,0,2.396079697380563,Mr.,1,Little,male_Adult
392,0,3,male,2.0700223197633445,S,N,Adult,D,0,2.396079697380563,Mr.,3,Moderate,male_Adult
393,1,1,female,4.729818490553202,C,D,Adult,D,0,4.078828900431776,Miss.,2,Little,female_Adult
394,1,3,female,2.8154087194227095,S,G,Adult,P,0,2.396079697380563,Mrs.,3,Moderate,female_Adult
395,0,3,male,2.0535851271346086,S,N,Adult,D,0,2.396079697380563,Mr.,1,Little,male_Adult
396,0,3,female,2.061048420562944,S,N,Adult,D,0,2.396079697380563,Miss.,1,Little,female_Adult
397,0,2,male,3.258096538021482,S,N,Adult,D,0,2.8310588265196923,Mr.,1,Little,male_Adult
398,0,2,male,2.3513752571634776,S,N,Adult,D,0,2.8310588265196923,Others,1,Little,male_Adult
399,1,2,female,2.5376572151735295,S,N,Adult,D,0,2.8310588265196923,Mrs.,1,Little,female_Adult
400,1,3,male,2.0700223197633445,S,N,Adult,S,0,2.396079697380563,Mr.,1,Little,male_Adult
401,0,3,male,2.0856720914304723,S,N,Adult,D,0,2.396079697380563,Mr.,1,Little,male_Adult
402,0,3,female,2.284930157755325,S,N,Adult,D,0,2.396079697380563,Miss.,2,Little,female_Adult
403,0,3,male,2.7631695003232895,S,N,Adult,S,0,2.396079697380563,Mr.,2,Little,male_Adult
404,0,3,female,2.1590033645160216,S,N,Teen,D,0,2.396079697380563,Miss.,1,Little,female_Teen
405,0,2,male,3.044522437723423,S,N,Adult,D,0,2.8310588265196923,Mr.,2,Little,male_Adult
406,0,3,male,2.0476928433652555,S,N,Adult,D,0,2.396079697380563,Mr.,1,Little,male_Adult
407,1,2,male,2.9311937524164198,S,N,Child,D,0,2.8310588265196923,Master.,3,Moderate,male_Child
408,0,3,male,2.0509134580652977,S,N,Adult,D,0,2.396079697380563,Mr.,1,Little,male_Adult
409,0,3,female,3.237371716404032,S,N,Adult,D,0,2.396079697380563,Miss.,5,Moderate,female_Adult
410,0,3,male,2.0663309725297405,S,N,Adult,D,0,2.396079697380563,Mr.,1,Little,male_Adult
411,0,3,male,1.925459597615898,Q,N,Adult,D,0,2.396079697380563,Mr.,1,Little,male_Adult
412,1,1,female,4.499809670330265,Q,C,Adult,D,0,4.078828900431776,Miss.,2,Little,female_Adult
413,0,2,male,0.0,S,N,Adult,D,1,2.8310588265196923,Mr.,1,Little,male_Adult
414,1,3,male,2.0700223197633445,S,N,Adult,S,0,2.396079697380563,Mr.,1,Little,male_Adult
415,0,3,female,2.0856720914304723,S,N,Adult,D,0,2.396079697380563,Mrs.,1,Little,female_Adult
416,1,2,female,3.481240089335692,S,N,Adult,D,0,2.8310588265196923,Mrs.,3,Moderate,female_Adult
417,1,2,female,2.5649493574615367,S,N,Teen,D,0,2.8310588265196923,Miss.,3,Moderate,female_Teen
418,0,2,male,2.5649493574615367,S,N,Adult,D,0,2.8310588265196923,Mr.,1,Little,male_Adult
419,0,3,female,3.184284380098582,S,N,Child,D,0,2.396079697380563,Miss.,3,Moderate,female_Child
420,0,3,male,2.0663309725297405,C,N,Adult,D,0,2.396079697380563,Mr.,1,Little,male_Adult
421,0,3,male,2.0455356796500372,Q,N,Adult,A,0,2.396079697380563,Mr.,1,Little,male_Adult
422,0,3,male,2.063693184711697,S,N,Adult,D,0,2.396079697380563,Mr.,1,Little,male_Adult
423,0,3,female,2.667228206581955,S,N,Adult,D,0,2.396079697380563,Mrs.,3,Moderate,female_Adult
424,0,3,male,3.006301224903225,S,N,Teen,D,0,2.396079697380563,Mr.,3,Moderate,male_Teen
425,0,3,male,1.9810014688665833,S,N,Adult,A,0,2.396079697380563,Mr.,1,Little,male_Adult
426,1,2,female,3.258096538021482,S,N,Adult,D,0,2.8310588265196923,Mrs.,2,Little,female_Adult
427,1,2,female,3.258096538021482,S,N,Teen,D,0,2.8310588265196923,Miss.,1,Little,female_Teen
428,0,3,male,2.0476928433652555,Q,N,Adult,D,0,2.396079697380563,Mr.,1,Little,male_Adult
429,1,3,male,2.0856720914304723,S,E,Adult,S,0,2.396079697380563,Mr.,1,Little,male_Adult
430,1,1,male,3.279029747687948,S,C,Adult,D,0,4.078828900431776,Mr.,1,Little,male_Adult
431,1,3,female,2.7788192719904172,S,N,Adult,D,0,2.396079697380563,Mrs.,2,Little,female_Adult
432,1,2,female,3.258096538021482,S,N,Adult,S,0,2.8310588265196923,Mrs.,2,Little,female_Adult
433,0,3,male,1.9636097261547143,S,N,Teen,S,0,2.396079697380563,Mr.,1,Little,male_Teen
434,0,1,male,4.023564380161053,S,E,Adult,D,0,4.078828900431776,Mr.,2,Little,male_Adult
435,1,1,female,4.787491742782046,S,B,Teen,D,0,4.078828900431776,Miss.,4,Moderate,female_Teen
436,0,3,female,3.5373295559867355,S,N,Adult,W,0,2.396079697380563,Miss.,5,Moderate,female_Adult
437,1,2,female,2.9311937524164198,S,N,Adult,D,0,2.8310588265196923,Mrs.,6,High,female_Adult
438,0,1,male,5.572154032177765,S,C,Adult,D,0,4.078828900431776,Mr.,6,High,male_Adult
439,0,2,male,2.3513752571634776,S,N,Adult,C,0,2.8310588265196923,Mr.,1,Little,male_Adult
440,1,2,female,3.2676659890376327,S,N,Adult,F,0,2.8310588265196923,Mrs.,3,Moderate,female_Adult
441,0,3,male,2.2512917986064953,S,N,Teen,D,0,2.396079697380563,Mr.,1,Little,male_Teen
442,0,3,male,2.0509134580652977,S,N,Adult,D,0,2.396079697380563,Mr.,2,Little,male_Adult
443,1,2,female,2.5649493574615367,S,N,Adult,D,0,2.8310588265196923,Others,1,Little,female_Adult
444,1,3,male,2.0934060820302083,S,N,Adult,D,0,2.396079697380563,Mr.,1,Little,male_Adult
445,1,1,male,4.404989703685167,S,A,Child,D,0,4.078828900431776,Master.,3,Moderate,male_Child
446,1,2,female,2.970414465569701,S,N,Child,D,0,2.8310588265196923,Miss.,2,Little,female_Child
447,1,1,male,3.279029747687948,S,N,Adult,D,0,4.078828900431776,Mr.,1,Little,male_Adult
448,1,3,female,2.957942136638392,C,N,Child,D,0,2.396079697380563,Miss.,4,Moderate,female_Child
449,1,1,male,3.417726683613366,S,C,Adult,D,0,4.078828900431776,Others,1,Little,male_Adult
450,0,2,male,3.3232358401924436,S,N,Adult,C,0,2.8310588265196923,Mr.,4,Moderate,male_Adult
451,0,3,male,2.9940658859009823,S,N,Adult,D,0,2.396079697380563,Mr.,2,Little,male_Adult
452,0,1,male,3.3232358401924436,C,C,Adult,D,0,4.078828900431776,Mr.,1,Little,male_Adult
453,1,1,male,4.489806471412939,C,C,Adult,D,0,4.078828900431776,Mr.,2,Little,male_Adult
454,0,3,male,2.0856720914304723,S,N,Adult,A,0,2.396079697380563,Mr.,1,Little,male_Adult
455,1,3,male,2.0663309725297405,C,N,Adult,D,0,2.396079697380563,Mr.,1,Little,male_Adult
456,0,1,male,3.279029747687948,S,E,Adult,D,0,4.078828900431776,Mr.,1,Little,male_Adult
457,1,1,female,3.948595985658986,S,D,Adult,D,0,4.078828900431776,Mrs.,2,Little,female_Adult
458,1,2,female,2.3513752571634776,S,N,Adult,F,0,2.8310588265196923,Miss.,1,Little,female_Adult
459,0,3,male,2.0476928433652555,Q,N,Adult,D,0,2.396079697380563,Mr.,1,Little,male_Adult
460,1,1,male,3.279029747687948,S,E,Adult,D,0,4.078828900431776,Mr.,1,Little,male_Adult
461,0,3,male,2.0856720914304723,S,N,Adult,D,0,2.396079697380563,Mr.,1,Little,male_Adult
462,0,1,male,3.6506582412937387,S,E,Adult,D,0,4.078828900431776,Mr.,1,Little,male_Adult
463,0,2,male,2.5649493574615367,S,N,Adult,D,0,2.8310588265196923,Mr.,1,Little,male_Adult
464,0,3,male,2.0856720914304723,S,N,Adult,A,0,2.396079697380563,Mr.,1,Little,male_Adult
465,0,3,male,1.9530276168241774,S,N,Adult,S,0,2.396079697380563,Mr.,1,Little,male_Adult
466,0,2,male,0.0,S,N,Adult,D,1,2.8310588265196923,Mr.,1,Little,male_Adult
467,0,1,male,3.279029747687948,S,N,Adult,D,0,4.078828900431776,Mr.,1,Little,male_Adult
468,0,3,male,2.044461822783809,Q,N,Adult,D,0,2.396079697380563,Mr.,1,Little,male_Adult
469,1,3,female,2.957942136638392,C,N,Child,D,0,2.396079697380563,Miss.,4,Moderate,female_Child
470,0,3,male,1.9810014688665833,S,N,Adult,D,0,2.396079697380563,Mr.,1,Little,male_Adult
471,0,3,male,2.1590033645160216,S,N,Adult,D,0,2.396079697380563,Mr.,1,Little,male_Adult
472,1,2,female,3.3232358401924436,S,N,Adult,C,0,2.8310588265196923,Mrs.,4,Moderate,female_Adult
473,1,2,female,2.6240669619446257,C,D,Adult,S,0,2.8310588265196923,Mrs.,1,Little,female_Adult
474,0,3,female,2.2862016137435215,S,N,Adult,D,0,2.396079697380563,Miss.,1,Little,female_Adult
475,0,1,male,3.9512437185814275,S,A,Adult,D,0,4.078828900431776,Mr.,1,Little,male_Adult
476,0,2,male,3.044522437723423,S,N,Adult,D,0,2.8310588265196923,Mr.,2,Little,male_Adult
477,0,3,male,1.9524316946169533,S,N,Adult,D,0,2.396079697380563,Mr.,2,Little,male_Adult
478,0,3,male,2.017672515282204,S,N,Adult,D,0,2.396079697380563,Mr.,1,Little,male_Adult
479,1,3,female,2.5085824854732848,S,N,Child,D,0,2.396079697380563,Miss.,2,Little,female_Child
480,0,3,male,3.8480176754522337,S,N,Child,C,0,2.396079697380563,Master.,8,High,male_Child
481,0,2,male,0.0,S,N,Adult,D,1,2.8310588265196923,Mr.,1,Little,male_Adult
482,0,3,male,2.0856720914304723,S,N,Adult,A,0,2.396079697380563,Mr.,1,Little,male_Adult
483,1,3,female,2.260460166693375,S,N,Adult,D,0,2.396079697380563,Mrs.,1,Little,female_Adult
484,1,1,male,4.51172945766992,C,B,Adult,D,0,4.078828900431776,Mr.,2,Little,male_Adult
485,0,3,female,3.237371716404032,S,N,Adult,D,0,2.396079697380563,Miss.,5,Moderate,female_Adult
486,1,1,female,4.499809670330265,S,C,Adult,D,0,4.078828900431776,Mrs.,2,Little,female_Adult
487,0,1,male,3.391147045808654,C,B,Adult,D,0,4.078828900431776,Mr.,1,Little,male_Adult
488,0,3,male,2.0856720914304723,S,N,Adult,A,0,2.396079697380563,Mr.,1,Little,male_Adult
489,1,3,male,2.766319109226186,S,N,Child,C,0,2.396079697380563,Master.,3,Moderate,male_Child
490,0,3,male,2.9940658859009823,S,N,Adult,D,0,2.396079697380563,Mr.,2,Little,male_Adult
491,0,3,male,1.9810014688665833,S,N,Adult,S,0,2.396079697380563,Mr.,1,Little,male_Adult
492,0,1,male,3.417726683613366,S,C,Adult,D,0,4.078828900431776,Mr.,1,Little,male_Adult
493,0,1,male,3.902057514460064,C,N,Adult,P,0,4.078828900431776,Mr.,1,Little,male_Adult
494,0,3,male,2.0856720914304723,S,N,Adult,A,0,2.396079697380563,Mr.,1,Little,male_Adult
495,0,3,male,2.671268644120752,C,N,Adult,D,0,2.396079697380563,Mr.,1,Little,male_Adult
496,1,1,female,4.3601222251801195,C,D,Adult,D,0,4.078828900431776,Miss.,2,Little,female_Adult
497,0,3,male,2.714694743820879,S,N,Adult,C,0,2.396079697380563,Mr.,1,Little,male_Adult
498,0,1,female,5.020915603503812,S,C,Adult,D,0,4.078828900431776,Mrs.,4,Moderate,female_Adult
499,0,3,male,2.0535851271346086,S,N,Adult,D,0,2.396079697380563,Mr.,1,Little,male_Adult
500,0,3,male,2.1590033645160216,S,N,Teen,D,0,2.396079697380563,Mr.,1,Little,male_Teen
501,0,3,female,2.0476928433652555,Q,N,Adult,D,0,2.396079697380563,Miss.,1,Little,female_Adult
502,0,3,female,2.0319829905201345,Q,N,Adult,D,0,2.396079697380563,Miss.,1,Little,female_Adult
503,0,3,female,2.260460166693375,S,N,Adult,D,0,2.396079697380563,Miss.,1,Little,female_Adult
504,1,1,female,4.460144413937834,S,B,Teen,D,0,4.078828900431776,Miss.,1,Little,female_Teen
505,0,1,male,4.690430029938915,C,C,Teen,P,0,4.078828900431776,Mr.,2,Little,male_Teen
506,1,2,female,3.258096538021482,S,N,Adult,D,0,2.8310588265196923,Mrs.,3,Moderate,female_Adult
507,1,1,male,3.279029747687948,S,N,Adult,D,0,4.078828900431776,Mr.,1,Little,male_Adult
508,0,3,male,3.1146258034944014,S,N,Adult,C,0,2.396079697380563,Mr.,1,Little,male_Adult
509,1,3,male,4.034166299106131,S,N,Adult,D,0,2.396079697380563,Mr.,1,Little,male_Adult
510,1,3,male,2.0476928433652555,Q,N,Adult,D,0,2.396079697380563,Mr.,1,Little,male_Adult
511,0,3,male,2.0856720914304723,S,N,Adult,S,0,2.396079697380563,Mr.,1,Little,male_Adult
512,1,1,male,3.2690935410288184,S,E,Adult,P,0,4.078828900431776,Mr.,1,Little,male_Adult
513,1,1,female,4.084294226368599,C,N,Adult,P,0,4.078828900431776,Others,2,Little,female_Adult
514,0,3,male,2.0143428636837015,S,N,Adult,D,0,2.396079697380563,Mr.,1,Little,male_Adult
515,0,1,male,3.5269721022703,S,D,Adult,D,0,4.078828900431776,Mr.,1,Little,male_Adult
516,1,2,female,2.3513752571634776,S,F,Adult,C,0,2.8310588265196923,Mrs.,1,Little,female_Adult
517,0,3,male,3.184284380098582,Q,N,Adult,D,0,2.396079697380563,Mr.,1,Little,male_Adult
518,1,2,female,3.258096538021482,S,N,Adult,D,0,2.8310588265196923,Mrs.,2,Little,female_Adult
519,0,3,male,2.0663309725297405,S,N,Adult,D,0,2.396079697380563,Mr.,1,Little,male_Adult
520,1,1,female,4.537961436294641,S,B,Adult,D,0,4.078828900431776,Miss.,1,Little,female_Adult
521,0,3,male,2.0663309725297405,S,N,Adult,D,0,2.396079697380563,Mr.,1,Little,male_Adult
522,0,3,male,1.9775472339984959,C,N,Adult,D,0,2.396079697380563,Mr.,1,Little,male_Adult
523,1,1,female,4.0600843255369865,C,B,Adult,D,0,4.078828900431776,Mrs.,2,Little,female_Adult
524,0,3,male,1.9781283799793465,C,N,Adult,D,0,2.396079697380563,Mr.,1,Little,male_Adult
525,0,3,male,2.0476928433652555,Q,N,Adult,D,0,2.396079697380563,Mr.,1,Little,male_Adult
526,1,2,female,2.3513752571634776,S,N,Adult,W,0,2.8310588265196923,Miss.,1,Little,female_Adult
527,0,1,male,5.401682292340279,S,C,Adult,P,0,4.078828900431776,Mr.,1,Little,male_Adult
528,0,3,male,2.0700223197633445,S,N,Adult,D,0,2.396079697380563,Mr.,1,Little,male_Adult
529,0,2,male,2.4423470353692043,S,N,Adult,D,0,2.8310588265196923,Mr.,4,Moderate,male_Adult
530,1,2,female,3.258096538021482,S,N,Child,D,0,2.8310588265196923,Miss.,3,Moderate,female_Child
531,0,3,male,1.9781283799793465,C,N,Adult,D,0,2.396079697380563,Mr.,1,Little,male_Adult
532,0,3,male,1.9781283799793465,C,N,Teen,D,0,2.396079697380563,Mr.,3,Moderate,male_Teen
533,1,3,female,3.107197616774036,C,N,Adult,D,0,2.396079697380563,Mrs.,3,Moderate,female_Adult
534,0,3,female,2.1590033645160216,S,N,Adult,D,0,2.396079697380563,Miss.,1,Little,female_Adult
535,1,2,female,3.2676659890376327,S,N,Child,F,0,2.8310588265196923,Miss.,3,Moderate,female_Child
536,0,1,male,3.279029747687948,S,B,Adult,D,0,4.078828900431776,Others,1,Little,male_Adult
537,1,1,female,4.667440511714216,C,N,Adult,P,0,4.078828900431776,Miss.,1,Little,female_Adult
538,0,3,male,2.6741486494265287,S,N,Adult,D,0,2.396079697380563,Mr.,1,Little,male_Adult
539,1,1,female,3.901972669574645,C,B,Adult,D,0,4.078828900431776,Miss.,3,Moderate,female_Adult
540,1,1,female,4.2626798770413155,S,B,Adult,W,0,4.078828900431776,Miss.,3,Moderate,female_Adult
541,0,3,female,3.442819056352975,S,N,Child,D,0,2.396079697380563,Miss.,7,High,female_Child
542,0,3,female,3.442819056352975,S,N,Child,D,0,2.396079697380563,Miss.,7,High,female_Child
543,1,2,male,3.258096538021482,S,N,Adult,D,0,2.8310588265196923,Mr.,2,Little,male_Adult
544,0,1,male,4.667440511714216,C,C,Adult,P,0,4.078828900431776,Mr.,2,Little,male_Adult
545,0,1,male,3.258096538021482,S,N,Adult,D,0,4.078828900431776,Mr.,1,Little,male_Adult
546,1,2,female,3.258096538021482,S,N,Teen,D,0,2.8310588265196923,Mrs.,2,Little,female_Teen
547,1,2,male,2.6291873526764853,C,N,Adult,S,0,2.8310588265196923,Mr.,1,Little,male_Adult
548,0,3,male,3.021643655338492,S,N,Adult,D,0,2.396079697380563,Mr.,3,Moderate,male_Adult
549,1,2,male,3.6041382256588457,S,N,Child,C,0,2.8310588265196923,Master.,3,Moderate,male_Child
550,1,1,male,4.708478296903478,C,C,Teen,D,0,4.078828900431776,Mr.,3,Moderate,male_Teen
551,0,2,male,3.258096538021482,S,N,Adult,D,0,2.8310588265196923,Mr.,1,Little,male_Adult
552,0,3,male,2.0578603336462318,Q,N,Adult,D,0,2.396079697380563,Mr.,1,Little,male_Adult
553,1,3,male,1.9775472339984959,C,N,Adult,D,0,2.396079697380563,Mr.,1,Little,male_Adult
554,1,3,female,2.0509134580652977,S,N,Adult,D,0,2.396079697380563,Miss.,1,Little,female_Adult
555,0,1,male,3.279029747687948,S,N,Adult,D,0,4.078828900431776,Mr.,1,Little,male_Adult
556,1,1,female,3.6788291182604347,C,A,Adult,D,0,4.078828900431776,Others,2,Little,female_Adult
557,0,1,male,5.427260122463419,C,N,Adult,P,0,4.078828900431776,Mr.,1,Little,male_Adult
558,1,1,female,4.3776420363560575,S,E,Adult,D,0,4.078828900431776,Mrs.,3,Moderate,female_Adult
559,1,3,female,2.856470206220483,S,N,Adult,D,0,2.396079697380563,Mrs.,2,Little,female_Adult
560,0,3,male,2.0476928433652555,Q,N,Adult,D,0,2.396079697380563,Mr.,1,Little,male_Adult
561,0,3,male,2.0663309725297405,S,N,Adult,D,0,2.396079697380563,Mr.,1,Little,male_Adult
562,0,2,male,2.6026896854443837,S,N,Adult,D,0,2.8310588265196923,Mr.,1,Little,male_Adult
563,0,3,male,2.0856720914304723,S,N,Adult,S,0,2.396079697380563,Mr.,1,Little,male_Adult
564,0,3,female,2.0856720914304723,S,N,Adult,S,0,2.396079697380563,Miss.,1,Little,female_Adult
565,0,3,male,3.184284380098582,S,N,Adult,A,0,2.396079697380563,Mr.,3,Moderate,male_Adult
566,0,3,male,2.0663309725297405,S,N,Teen,D,0,2.396079697380563,Mr.,1,Little,male_Teen
567,0,3,female,3.048087503887919,S,N,Adult,D,0,2.396079697380563,Mrs.,5,Moderate,female_Adult
568,0,3,male,1.9781283799793465,C,N,Adult,D,0,2.396079697380563,Mr.,1,Little,male_Adult
569,1,3,male,2.061048420562944,S,N,Adult,D,0,2.396079697380563,Mr.,1,Little,male_Adult
570,1,2,male,2.3513752571634776,S,N,Adult,S,0,2.8310588265196923,Mr.,1,Little,male_Adult
571,1,1,female,3.9411778425916384,S,C,Adult,D,0,4.078828900431776,Mrs.,3,Moderate,female_Adult
572,1,1,male,3.272890413174439,S,E,Adult,P,0,4.078828900431776,Mr.,1,Little,male_Adult
573,1,3,female,2.0476928433652555,Q,N,Adult,D,0,2.396079697380563,Miss.,1,Little,female_Adult
574,0,3,male,2.0856720914304723,S,N,Teen,A,0,2.396079697380563,Mr.,1,Little,male_Teen
575,0,3,male,2.6741486494265287,S,N,Teen,D,0,2.396079697380563,Mr.,1,Little,male_Teen
576,1,2,female,2.5649493574615367,S,N,Adult,D,0,2.8310588265196923,Miss.,1,Little,female_Adult
577,1,1,female,4.023564380161053,S,E,Adult,D,0,4.078828900431776,Mrs.,2,Little,female_Adult
578,0,3,female,2.671268644120752,C,N,Adult,D,0,2.396079697380563,Mrs.,2,Little,female_Adult
579,1,3,male,2.0700223197633445,S,N,Adult,S,0,2.396079697380563,Mr.,1,Little,male_Adult
580,1,2,female,3.4011973816621555,S,N,Adult,D,0,2.8310588265196923,Miss.,3,Moderate,female_Adult
581,1,1,female,4.708478296903478,C,C,Adult,D,0,4.078828900431776,Mrs.,3,Moderate,female_Adult
582,0,2,male,3.258096538021482,S,N,Adult,D,0,2.8310588265196923,Mr.,1,Little,male_Adult
583,0,1,male,3.69199958145018,C,A,Adult,D,0,4.078828900431776,Mr.,1,Little,male_Adult
584,0,3,male,2.1647587760866425,C,N,Adult,D,0,2.396079697380563,Mr.,1,Little,male_Adult
585,1,1,female,4.3776420363560575,S,E,Teen,D,0,4.078828900431776,Miss.,3,Moderate,female_Teen
586,0,2,male,2.70805020110221,S,N,Adult,D,0,2.8310588265196923,Mr.,1,Little,male_Adult
587,1,1,male,4.37197629882038,C,B,Adult,D,0,4.078828900431776,Mr.,3,Moderate,male_Adult
588,0,3,male,2.0856720914304723,S,N,Adult,D,0,2.396079697380563,Mr.,1,Little,male_Adult
589,0,3,male,2.0856720914304723,S,N,Adult,A,0,2.396079697380563,Mr.,1,Little,male_Adult
590,0,3,male,1.9636097261547143,S,N,Adult,S,0,2.396079697380563,Mr.,1,Little,male_Adult
591,1,1,female,4.3601222251801195,C,D,Adult,D,0,4.078828900431776,Mrs.,2,Little,female_Adult
592,0,3,male,1.9810014688665833,S,N,Adult,A,0,2.396079697380563,Mr.,1,Little,male_Adult
593,0,3,female,2.0476928433652555,Q,N,Adult,D,0,2.396079697380563,Miss.,3,Moderate,female_Adult
594,0,2,male,3.258096538021482,S,N,Adult,S,0,2.8310588265196923,Mr.,2,Little,male_Adult
595,0,3,male,3.184284380098582,S,N,Adult,D,0,2.396079697380563,Mr.,3,Moderate,male_Adult
596,1,2,female,3.4965075614664802,S,N,Adult,D,0,2.8310588265196923,Miss.,1,Little,female_Adult
597,0,3,male,0.0,S,N,Adult,L,1,2.396079697380563,Mr.,1,Little,male_Adult
598,0,3,male,1.9775472339984959,C,N,Adult,D,0,2.396079697380563,Mr.,1,Little,male_Adult
599,1,1,male,4.041808390519271,C,A,Adult,P,0,4.078828900431776,Others,2,Little,male_Adult
600,1,2,female,3.295836866004329,S,N,Adult,D,0,2.8310588265196923,Mrs.,4,Moderate,female_Adult
601,0,3,male,2.0663309725297405,S,N,Adult,D,0,2.396079697380563,Mr.,1,Little,male_Adult
602,0,1,male,3.7471483622379123,S,N,Adult,D,0,4.078828900431776,Mr.,1,Little,male_Adult
603,0,3,male,2.0856720914304723,S,N,Adult,D,0,2.396079697380563,Mr.,1,Little,male_Adult
604,1,1,male,3.279029747687948,C,N,Adult,D,0,4.078828900431776,Mr.,1,Little,male_Adult
605,0,3,male,2.744060638625243,S,N,Adult,D,0,2.396079697380563,Mr.,2,Little,male_Adult
606,0,3,male,2.0663309725297405,S,N,Adult,D,0,2.396079697380563,Mr.,1,Little,male_Adult
607,1,1,male,3.417726683613366,S,N,Adult,D,0,4.078828900431776,Mr.,1,Little,male_Adult
608,1,2,female,3.7276000422255353,C,N,Adult,S,0,2.8310588265196923,Mrs.,4,Moderate,female_Adult
609,1,1,female,5.033456237506958,S,C,Adult,P,0,4.078828900431776,Miss.,1,Little,female_Adult
610,0,3,female,3.442819056352975,S,N,Adult,D,0,2.396079697380563,Mrs.,7,High,female_Adult
611,0,3,male,1.9530276168241774,S,N,Adult,S,0,2.396079697380563,Mr.,1,Little,male_Adult
612,1,3,female,2.740840023925201,Q,N,Adult,D,0,2.396079697380563,Miss.,2,Little,female_Adult
613,0,3,male,2.0476928433652555,Q,N,Adult,D,0,2.396079697380563,Mr.,1,Little,male_Adult
614,0,3,male,2.0856720914304723,S,N,Adult,D,0,2.396079697380563,Mr.,1,Little,male_Adult
615,1,2,female,4.174387269895637,S,N,Adult,D,0,2.8310588265196923,Miss.,4,Moderate,female_Adult
616,0,3,male,2.667228206581955,S,N,Adult,D,0,2.396079697380563,Mr.,3,Moderate,male_Adult
617,0,3,female,2.7788192719904172,S,N,Adult,A,0,2.396079697380563,Mrs.,2,Little,female_Adult
618,1,2,female,3.6635616461296463,S,F,Child,D,0,2.8310588265196923,Miss.,4,Moderate,female_Child
619,0,2,male,2.3513752571634776,S,N,Adult,D,0,2.8310588265196923,Mr.,1,Little,male_Adult
620,0,3,male,2.6709850297651974,C,N,Adult,D,0,2.396079697380563,Mr.,2,Little,male_Adult
621,1,1,male,3.961845018011234,S,D,Adult,D,0,4.078828900431776,Mr.,2,Little,male_Adult
622,1,3,male,2.7563132422397203,C,N,Teen,D,0,2.396079697380563,Mr.,3,Moderate,male_Teen
623,0,3,male,2.061048420562944,S,N,Adult,D,0,2.396079697380563,Mr.,1,Little,male_Adult
624,0,3,male,2.7788192719904172,S,N,Adult,D,0,2.396079697380563,Mr.,1,Little,male_Adult
625,0,1,male,3.4757109858218045,S,D,Adult,D,0,4.078828900431776,Mr.,1,Little,male_Adult
626,0,2,male,2.513656063073986,Q,N,Adult,D,0,2.8310588265196923,Others,1,Little,male_Adult
627,1,1,female,4.356174068347218,S,D,Adult,D,0,4.078828900431776,Miss.,1,Little,female_Adult
628,0,3,male,2.0663309725297405,S,N,Adult,D,0,2.396079697380563,Mr.,1,Little,male_Adult
629,0,3,male,2.0455356796500372,Q,N,Adult,D,0,2.396079697380563,Mr.,1,Little,male_Adult
630,1,1,male,3.4011973816621555,S,A,Adult,D,0,4.078828900431776,Mr.,1,Little,male_Adult
631,0,3,male,1.9536231841196134,S,N,Adult,D,0,2.396079697380563,Mr.,1,Little,male_Adult
632,1,1,male,3.417726683613366,C,B,Adult,D,0,4.078828900431776,Others,1,Little,male_Adult
633,0,1,male,0.0,S,N,Adult,D,1,4.078828900431776,Mr.,1,Little,male_Adult
634,0,3,female,3.32862668882732,S,N,Child,D,0,2.396079697380563,Miss.,6,High,female_Child
635,1,2,female,2.5649493574615367,S,N,Adult,D,0,2.8310588265196923,Miss.,1,Little,female_Adult
636,0,3,male,2.0700223197633445,S,N,Adult,S,0,2.396079697380563,Mr.,1,Little,male_Adult
637,0,2,male,3.2676659890376327,S,N,Adult,C,0,2.8310588265196923,Mr.,3,Moderate,male_Adult
638,0,3,female,3.6810362766529106,S,N,Adult,D,0,2.396079697380563,Mrs.,6,High,female_Adult
639,0,3,male,2.7788192719904172,S,N,Adult,D,0,2.396079697380563,Mr.,2,Little,male_Adult
640,0,3,male,2.061048420562944,S,N,Teen,D,0,2.396079697380563,Mr.,1,Little,male_Teen
641,1,1,female,4.238444906195857,C,B,Adult,P,0,4.078828900431776,Others,1,Little,female_Adult
642,0,3,female,3.32862668882732,S,N,Child,D,0,2.396079697380563,Miss.,6,High,female_Child
643,1,3,male,4.034166299106131,S,N,Adult,D,0,2.396079697380563,Mr.,1,Little,male_Adult
644,1,3,female,2.957942136638392,C,N,Child,D,0,2.396079697380563,Miss.,4,Moderate,female_Child
645,1,1,male,4.340282339965535,C,D,Adult,P,0,4.078828900431776,Mr.,2,Little,male_Adult
646,0,3,male,2.0663309725297405,S,N,Teen,D,0,2.396079697380563,Mr.,1,Little,male_Teen
647,1,1,male,3.56953269648137,C,A,Adult,D,0,4.078828900431776,Others,1,Little,male_Adult
648,0,3,male,2.0215475632609334,S,N,Adult,S,0,2.396079697380563,Mr.,1,Little,male_Adult
649,1,3,female,2.0215475632609334,S,N,Adult,C,0,2.396079697380563,Miss.,1,Little,female_Adult
650,0,3,male,2.0663309725297405,S,N,Adult,D,0,2.396079697380563,Mr.,1,Little,male_Adult
651,1,2,female,3.1354942159291497,S,N,Teen,D,0,2.8310588265196923,Miss.,2,Little,female_Teen
652,0,3,male,2.132188154488383,S,N,Adult,D,0,2.396079697380563,Mr.,1,Little,male_Adult
653,1,3,female,2.0578603336462318,Q,N,Adult,D,0,2.396079697380563,Miss.,1,Little,female_Adult
654,0,3,female,1.9095425048844386,Q,N,Teen,D,0,2.396079697380563,Miss.,1,Little,female_Teen
655,0,2,male,4.297285406218791,S,N,Adult,S,0,2.8310588265196923,Mr.,3,Moderate,male_Adult
656,0,3,male,2.0663309725297405,S,N,Adult,D,0,2.396079697380563,Mr.,1,Little,male_Adult
657,0,3,female,2.740840023925201,Q,N,Adult,D,0,2.396079697380563,Mrs.,3,Moderate,female_Adult
658,0,2,male,2.5649493574615367,S,N,Adult,D,0,2.8310588265196923,Mr.,1,Little,male_Adult
659,0,1,male,4.729818490553202,C,D,Adult,D,0,4.078828900431776,Mr.,3,Moderate,male_Adult
660,1,1,male,4.895224442584928,S,N,Adult,P,0,4.078828900431776,Others,3,Moderate,male_Adult
661,0,3,male,1.9775472339984959,C,N,Adult,D,0,2.396079697380563,Mr.,1,Little,male_Adult
662,0,1,male,3.2421039509874077,S,E,Adult,D,0,4.078828900431776,Mr.,1,Little,male_Adult
663,0,3,male,2.0143428636837015,S,N,Adult,D,0,2.396079697380563,Mr.,1,Little,male_Adult
664,1,3,male,2.0700223197633445,S,N,Teen,S,0,2.396079697380563,Mr.,2,Little,male_Teen
665,0,2,male,4.297285406218791,S,N,Adult,S,0,2.8310588265196923,Mr.,3,Moderate,male_Adult
666,0,2,male,2.5649493574615367,S,N,Adult,D,0,2.8310588265196923,Mr.,1,Little,male_Adult
667,0,3,male,2.0509134580652977,S,N,Adult,D,0,2.396079697380563,Mr.,1,Little,male_Adult
668,0,3,male,2.0856720914304723,S,N,Adult,A,0,2.396079697380563,Mr.,1,Little,male_Adult
669,1,1,female,3.9512437185814275,S,C,Adult,D,0,4.078828900431776,Mrs.,2,Little,female_Adult
670,1,2,female,3.6635616461296463,S,N,Adult,D,0,2.8310588265196923,Mrs.,3,Moderate,female_Adult
671,0,1,male,3.9512437185814275,S,B,Adult,F,0,4.078828900431776,Mr.,2,Little,male_Adult
672,0,2,male,2.3513752571634776,S,N,Adult,C,0,2.8310588265196923,Mr.,1,Little,male_Adult
673,1,2,male,2.5649493574615367,S,N,Adult,D,0,2.8310588265196923,Mr.,1,Little,male_Adult
674,0,2,male,0.0,S,N,Adult,D,1,2.8310588265196923,Mr.,1,Little,male_Adult
675,0,3,male,2.0509134580652977,S,N,Teen,D,0,2.396079697380563,Mr.,1,Little,male_Teen
676,0,3,male,2.0856720914304723,S,N,Adult,D,0,2.396079697380563,Mr.,1,Little,male_Adult
677,1,3,female,2.286628460369784,S,N,Teen,D,0,2.396079697380563,Miss.,1,Little,female_Teen
678,0,3,female,3.8480176754522337,S,N,Adult,C,0,2.396079697380563,Mrs.,8,High,female_Adult
679,1,1,male,6.238967387173662,C,B,Adult,P,0,4.078828900431776,Mr.,2,Little,male_Adult
680,0,3,female,2.0964830075346876,Q,N,Adult,D,0,2.396079697380563,Miss.,1,Little,female_Adult
681,1,1,male,4.340282339965535,C,D,Adult,P,0,4.078828900431776,Mr.,1,Little,male_Adult
682,0,3,male,2.221917189926591,S,N,Teen,D,0,2.396079697380563,Mr.,1,Little,male_Teen
683,0,3,male,3.8480176754522337,S,N,Teen,C,0,2.396079697380563,Mr.,8,High,male_Teen
684,0,2,male,3.6635616461296463,S,N,Adult,D,0,2.8310588265196923,Mr.,3,Moderate,male_Adult
685,0,2,male,3.7276000422255353,C,N,Adult,S,0,2.8310588265196923,Mr.,4,Moderate,male_Adult
686,0,3,male,3.6810362766529106,S,N,Teen,D,0,2.396079697380563,Mr.,6,High,male_Teen
687,0,3,male,2.319520869700248,S,N,Teen,D,0,2.396079697380563,Mr.,1,Little,male_Teen
688,0,3,male,2.0535851271346086,S,N,Teen,D,0,2.396079697380563,Mr.,1,Little,male_Teen
689,1,1,female,5.353456381663085,S,B,Teen,D,0,4.078828900431776,Miss.,2,Little,female_Teen
690,1,1,male,4.04305126783455,S,B,Adult,D,0,4.078828900431776,Mr.,2,Little,male_Adult
691,1,3,female,2.5965001996654262,C,N,Child,D,0,2.396079697380563,Miss.,2,Little,female_Child
692,1,3,male,4.034166299106131,S,N,Adult,D,0,2.396079697380563,Mr.,1,Little,male_Adult
693,0,3,male,1.9775472339984959,C,N,Adult,D,0,2.396079697380563,Mr.,1,Little,male_Adult
694,0,1,male,3.279029747687948,S,N,Adult,D,0,4.078828900431776,Others,1,Little,male_Adult
695,0,2,male,2.6026896854443837,S,N,Adult,D,0,2.8310588265196923,Mr.,1,Little,male_Adult
696,0,3,male,2.0856720914304723,S,N,Adult,D,0,2.396079697380563,Mr.,1,Little,male_Adult
697,1,3,female,2.0455356796500372,Q,N,Adult,D,0,2.396079697380563,Miss.,1,Little,female_Adult
698,0,1,male,4.708478296903478,C,C,Adult,D,0,4.078828900431776,Mr.,3,Moderate,male_Adult
699,0,3,male,2.0347056478384444,S,F,Adult,D,0,2.396079697380563,Mr.,1,Little,male_Adult
700,1,1,female,5.427260122463419,C,C,Teen,P,0,4.078828900431776,Mrs.,2,Little,female_Teen
701,1,1,male,3.2690935410288184,S,E,Adult,P,0,4.078828900431776,Mr.,1,Little,male_Adult
702,0,3,female,2.6709850297651974,C,N,Teen,D,0,2.396079697380563,Miss.,2,Little,female_Teen
703,0,3,male,2.046621301727582,Q,N,Adult,D,0,2.396079697380563,Mr.,1,Little,male_Adult
704,0,3,male,2.061048420562944,S,N,Adult,D,0,2.396079697380563,Mr.,2,Little,male_Adult
705,0,2,male,3.258096538021482,S,N,Adult,D,0,2.8310588265196923,Mr.,1,Little,male_Adult
706,1,2,female,2.6026896854443837,S,N,Adult,D,0,2.8310588265196923,Mrs.,1,Little,female_Adult
707,1,1,male,3.2690935410288184,S,E,Adult,P,0,4.078828900431776,Mr.,1,Little,male_Adult
708,1,1,female,5.020915603503812,S,N,Adult,D,0,4.078828900431776,Miss.,1,Little,female_Adult
709,1,3,male,2.7243040552851014,C,N,Adult,D,0,2.396079697380563,Master.,3,Moderate,male_Adult
710,1,1,female,3.902057514460064,C,C,Adult,P,0,4.078828900431776,Others,1,Little,female_Adult
711,0,1,male,3.279029747687948,S,C,Adult,D,0,4.078828900431776,Mr.,1,Little,male_Adult
712,1,1,male,3.9512437185814275,S,C,Adult,D,0,4.078828900431776,Mr.,2,Little,male_Adult
713,0,3,male,2.2495323569595644,S,N,Adult,D,0,2.396079697380563,Mr.,1,Little,male_Adult
714,0,2,male,2.5649493574615367,S,N,Adult,D,0,2.8310588265196923,Mr.,1,Little,male_Adult
715,0,3,male,2.0347056478384444,S,F,Teen,D,0,2.396079697380563,Mr.,1,Little,male_Teen
716,1,1,female,5.427260122463419,C,C,Adult,P,0,4.078828900431776,Miss.,1,Little,female_Adult
717,1,2,female,2.3513752571634776,S,E,Adult,D,0,2.8310588265196923,Miss.,1,Little,female_Adult
718,0,3,male,2.740840023925201,Q,N,Adult,D,0,2.396079697380563,Mr.,1,Little,male_Adult
719,0,3,male,2.0509134580652977,S,N,Adult,D,0,2.396079697380563,Mr.,1,Little,male_Adult
720,1,2,female,3.4965075614664802,S,N,Child,D,0,2.8310588265196923,Miss.,2,Little,female_Child
721,0,3,male,1.9536231841196134,S,N,Teen,D,0,2.396079697380563,Mr.,2,Little,male_Teen
722,0,2,male,2.5649493574615367,S,N,Adult,D,0,2.8310588265196923,Mr.,1,Little,male_Adult
723,0,2,male,2.5649493574615367,S,N,Adult,D,0,2.8310588265196923,Mr.,1,Little,male_Adult
724,1,1,male,3.9721769282478934,S,E,Adult,D,0,4.078828900431776,Mr.,2,Little,male_Adult
725,0,3,male,2.1590033645160216,S,N,Teen,D,0,2.396079697380563,Mr.,1,Little,male_Teen
726,1,2,female,3.044522437723423,S,N,Adult,D,0,2.8310588265196923,Mrs.,4,Moderate,female_Adult
727,1,3,female,2.0460786380107145,Q,N,Adult,D,0,2.396079697380563,Miss.,1,Little,female_Adult
728,0,2,male,3.258096538021482,S,N,Adult,D,0,2.8310588265196923,Mr.,2,Little,male_Adult
729,0,3,female,2.0700223197633445,S,N,Adult,S,0,2.396079697380563,Miss.,2,Little,female_Adult
730,1,1,female,5.353456381663085,S,B,Adult,D,0,4.078828900431776,Miss.,1,Little,female_Adult
731,0,3,male,2.933191755079093,C,N,Child,D,0,2.396079697380563,Mr.,1,Little,male_Child
732,0,2,male,0.0,S,N,Adult,D,1,2.8310588265196923,Mr.,1,Little,male_Adult
733,0,2,male,2.5649493574615367,S,N,Adult,D,0,2.8310588265196923,Mr.,1,Little,male_Adult
734,0,2,male,2.5649493574615367,S,N,Adult,D,0,2.8310588265196923,Mr.,1,Little,male_Adult
735,0,3,male,2.7788192719904172,S,N,Adult,D,0,2.396079697380563,Mr.,1,Little,male_Adult
736,0,3,female,3.5373295559867355,S,N,Adult,W,0,2.396079697380563,Mrs.,5,Moderate,female_Adult
737,1,1,male,6.238967387173662,C,B,Adult,P,0,4.078828900431776,Mr.,1,Little,male_Adult
738,0,3,male,2.0663309725297405,S,N,Adult,D,0,2.396079697380563,Mr.,1,Little,male_Adult
739,0,3,male,2.0663309725297405,S,N,Adult,D,0,2.396079697380563,Mr.,1,Little,male_Adult
740,1,1,male,3.4011973816621555,S,D,Adult,D,0,4.078828900431776,Mr.,1,Little,male_Adult
741,0,1,male,4.367547313409047,S,C,Adult,D,0,4.078828900431776,Mr.,2,Little,male_Adult
742,1,1,female,5.569774778140797,C,B,Adult,P,0,4.078828900431776,Miss.,5,Moderate,female_Adult
743,0,3,male,2.7788192719904172,S,N,Adult,D,0,2.396079697380563,Mr.,2,Little,male_Adult
744,1,3,male,2.0700223197633445,S,N,Adult,S,0,2.396079697380563,Mr.,1,Little,male_Adult
745,0,1,male,4.2626798770413155,S,B,Adult,W,0,4.078828900431776,Others,3,Moderate,male_Adult
746,0,3,male,3.0081547935525483,S,N,Teen,C,0,2.396079697380563,Mr.,3,Moderate,male_Teen
747,1,2,female,2.5649493574615367,S,N,Adult,D,0,2.8310588265196923,Miss.,1,Little,female_Adult
748,0,1,male,3.9721769282478934,S,D,Teen,D,0,4.078828900431776,Mr.,2,Little,male_Teen
749,0,3,male,2.0476928433652555,Q,N,Adult,D,0,2.396079697380563,Mr.,1,Little,male_Adult
750,1,2,female,3.1354942159291497,S,N,Child,D,0,2.8310588265196923,Miss.,3,Moderate,female_Child
751,1,3,male,2.5237266416375825,S,E,Child,D,0,2.396079697380563,Master.,2,Little,male_Child
752,0,3,male,2.2512917986064953,S,N,Adult,D,0,2.396079697380563,Mr.,1,Little,male_Adult
753,0,3,male,2.0663309725297405,S,N,Adult,D,0,2.396079697380563,Mr.,1,Little,male_Adult
754,1,2,female,4.174387269895637,S,N,Adult,D,0,2.8310588265196923,Mrs.,4,Moderate,female_Adult
755,1,2,male,2.6741486494265287,S,N,Child,D,0,2.8310588265196923,Master.,3,Moderate,male_Child
756,0,3,male,2.0535851271346086,S,N,Adult,D,0,2.396079697380563,Mr.,1,Little,male_Adult
757,0,2,male,2.4423470353692043,S,N,Teen,D,0,2.8310588265196923,Mr.,1,Little,male_Teen
758,0,3,male,2.0856720914304723,S,N,Adult,D,0,2.396079697380563,Mr.,1,Little,male_Adult
759,1,1,female,4.460144413937834,S,B,Adult,D,0,4.078828900431776,Others,1,Little,female_Adult
760,0,3,male,2.6741486494265287,S,N,Adult,D,0,2.396079697380563,Mr.,1,Little,male_Adult
761,0,3,male,1.9636097261547143,S,N,Adult,S,0,2.396079697380563,Mr.,1,Little,male_Adult
762,1,3,male,1.9781283799793465,C,N,Teen,D,0,2.396079697380563,Mr.,1,Little,male_Teen
763,1,1,female,4.787491742782046,S,B,Adult,D,0,4.078828900431776,Mrs.,4,Moderate,female_Adult
764,0,3,male,2.0509134580652977,S,N,Teen,D,0,2.396079697380563,Mr.,1,Little,male_Teen
765,1,1,female,4.356174068347218,S,D,Adult,D,0,4.078828900431776,Mrs.,2,Little,female_Adult
766,0,1,male,3.6788291182604347,C,N,Adult,D,0,4.078828900431776,Others,1,Little,male_Adult
767,0,3,female,2.0476928433652555,Q,N,Adult,D,0,2.396079697380563,Miss.,1,Little,female_Adult
768,0,3,male,3.184284380098582,Q,N,Adult,D,0,2.396079697380563,Mr.,2,Little,male_Adult
769,0,3,male,2.1237574254543468,S,N,Adult,D,0,2.396079697380563,Mr.,1,Little,male_Adult
770,0,3,male,2.2512917986064953,S,N,Adult,D,0,2.396079697380563,Mr.,1,Little,male_Adult
771,0,3,male,2.061048420562944,S,N,Adult,D,0,2.396079697380563,Mr.,1,Little,male_Adult
772,0,2,female,2.3513752571634776,S,E,Adult,S,0,2.8310588265196923,Mrs.,1,Little,female_Adult
773,0,3,male,1.9775472339984959,C,N,Adult,D,0,2.396079697380563,Mr.,1,Little,male_Adult
774,1,2,female,3.1354942159291497,S,N,Adult,D,0,2.8310588265196923,Mrs.,5,Moderate,female_Adult
775,0,3,male,2.0476928433652555,S,N,Teen,D,0,2.396079697380563,Mr.,1,Little,male_Teen
776,0,3,male,2.0476928433652555,Q,F,Adult,D,0,2.396079697380563,Mr.,1,Little,male_Adult
777,1,3,female,2.5237266416375825,S,N,Child,D,0,2.396079697380563,Miss.,1,Little,female_Child
778,0,3,male,2.0460786380107145,Q,N,Adult,D,0,2.396079697380563,Mr.,1,Little,male_Adult
779,1,1,female,5.353456381663085,S,B,Adult,D,0,4.078828900431776,Mrs.,2,Little,female_Adult
780,1,3,female,1.9781283799793465,C,N,Child,D,0,2.396079697380563,Miss.,1,Little,female_Child
781,1,1,female,4.04305126783455,S,B,Teen,D,0,4.078828900431776,Mrs.,2,Little,female_Teen
782,0,1,male,3.4011973816621555,S,D,Adult,D,0,4.078828900431776,Mr.,1,Little,male_Adult
783,0,3,male,3.1548704948922883,S,N,Adult,W,0,2.396079697380563,Mr.,4,Moderate,male_Adult
784,0,3,male,1.9530276168241774,S,N,Adult,S,0,2.396079697380563,Mr.,1,Little,male_Adult
785,0,3,male,1.9810014688665833,S,N,Adult,D,0,2.396079697380563,Mr.,1,Little,male_Adult
786,1,3,female,2.0143428636837015,S,N,Teen,D,0,2.396079697380563,Miss.,1,Little,female_Teen
787,0,3,male,3.371596911885865,Q,N,Child,D,0,2.396079697380563,Master.,6,High,male_Child
788,1,3,male,3.0240767465631335,S,N,Child,C,0,2.396079697380563,Master.,4,Moderate,male_Child
789,0,1,male,4.37197629882038,C,B,Adult,P,0,4.078828900431776,Mr.,1,Little,male_Adult
790,0,3,male,2.0476928433652555,Q,N,Adult,D,0,2.396079697380563,Mr.,1,Little,male_Adult
791,0,2,male,3.258096538021482,S,N,Teen,D,0,2.8310588265196923,Mr.,1,Little,male_Teen
792,0,3,female,4.242045918369452,S,N,Adult,C,0,2.396079697380563,Miss.,11,High,female_Adult
793,0,1,male,3.424125837416519,C,N,Adult,P,0,4.078828900431776,Mr.,1,Little,male_Adult
794,0,3,male,2.0663309725297405,S,N,Adult,D,0,2.396079697380563,Mr.,1,Little,male_Adult
795,0,2,male,2.5649493574615367,S,N,Adult,D,0,2.8310588265196923,Mr.,1,Little,male_Adult
796,1,1,female,3.255369746779992,S,D,Adult,D,0,4.078828900431776,Others,1,Little,female_Adult
797,1,3,female,2.161401640752305,S,N,Adult,D,0,2.396079697380563,Mrs.,1,Little,female_Adult
798,0,3,male,1.9781283799793465,C,N,Adult,D,0,2.396079697380563,Mr.,1,Little,male_Adult
799,0,3,female,3.184284380098582,S,N,Adult,D,0,2.396079697380563,Mrs.,3,Moderate,female_Adult
800,0,2,male,2.5649493574615367,S,N,Adult,D,0,2.8310588265196923,Mr.,1,Little,male_Adult
801,1,2,female,3.2676659890376327,S,N,Adult,C,0,2.8310588265196923,Mrs.,3,Moderate,female_Adult
802,1,1,male,4.787491742782046,S,B,Child,D,0,4.078828900431776,Master.,4,Moderate,male_Child
803,1,3,male,2.1420289418682694,C,N,Child,D,0,2.396079697380563,Master.,2,Little,male_Child
804,1,3,male,1.9423323277074294,S,N,Adult,D,0,2.396079697380563,Mr.,1,Little,male_Adult
805,0,3,male,2.0509134580652977,S,N,Adult,D,0,2.396079697380563,Mr.,1,Little,male_Adult
806,0,1,male,0.0,S,A,Adult,D,1,4.078828900431776,Mr.,1,Little,male_Adult
807,0,3,female,2.0509134580652977,S,N,Teen,D,0,2.396079697380563,Miss.,1,Little,female_Teen
808,0,2,male,2.5649493574615367,S,N,Adult,D,0,2.8310588265196923,Mr.,1,Little,male_Adult
809,1,1,female,3.9721769282478934,S,E,Adult,D,0,4.078828900431776,Mrs.,2,Little,female_Adult
810,0,3,male,2.0652792278673315,S,N,Adult,D,0,2.396079697380563,Mr.,1,Little,male_Adult
811,0,3,male,3.184284380098582,S,N,Adult,A,0,2.396079697380563,Mr.,1,Little,male_Adult
812,0,2,male,2.3513752571634776,S,N,Adult,D,0,2.8310588265196923,Mr.,1,Little,male_Adult
813,0,3,female,3.442819056352975,S,N,Child,D,0,2.396079697380563,Miss.,7,High,female_Child
814,0,3,male,2.0856720914304723,S,N,Adult,D,0,2.396079697380563,Mr.,1,Little,male_Adult
815,0,1,male,0.0,S,B,Adult,D,1,4.078828900431776,Mr.,1,Little,male_Adult
816,0,3,female,2.0700223197633445,S,N,Adult,S,0,2.396079697380563,Miss.,1,Little,female_Adult
817,0,2,male,3.6110314197155664,C,N,Adult,S,0,2.8310588265196923,Mr.,3,Moderate,male_Adult
818,0,3,male,1.864080130807681,S,N,Adult,C,0,2.396079697380563,Mr.,1,Little,male_Adult
819,0,3,male,3.32862668882732,S,N,Child,D,0,2.396079697380563,Master.,6,High,male_Child
820,1,1,female,4.537961436294641,S,B,Adult,D,0,4.078828900431776,Mrs.,3,Moderate,female_Adult
821,1,3,male,2.1590033645160216,S,N,Adult,D,0,2.396079697380563,Mr.,1,Little,male_Adult
822,0,1,male,0.0,S,N,Adult,D,1,4.078828900431776,Others,1,Little,male_Adult
823,1,3,female,2.5237266416375825,S,E,Adult,D,0,2.396079697380563,Mrs.,2,Little,female_Adult
824,0,3,male,3.6810362766529106,S,N,Child,D,0,2.396079697380563,Master.,6,High,male_Child
825,0,3,male,1.9387416595767009,Q,N,Adult,D,0,2.396079697380563,Mr.,1,Little,male_Adult
826,0,3,male,4.034166299106131,S,N,Adult,D,0,2.396079697380563,Mr.,1,Little,male_Adult
827,1,2,male,3.6110314197155664,C,N,Child,S,0,2.8310588265196923,Master.,3,Moderate,male_Child
828,1,3,male,2.0476928433652555,Q,N,Adult,D,0,2.396079697380563,Mr.,1,Little,male_Adult
829,1,1,female,4.382026634673881,S,B,Adult,D,0,4.078828900431776,Mrs.,1,Little,female_Adult
830,1,3,female,2.6709850297651974,C,N,Teen,D,0,2.396079697380563,Mrs.,2,Little,female_Teen
831,1,2,male,2.9311937524164198,S,N,Child,D,0,2.8310588265196923,Master.,3,Moderate,male_Child
832,0,3,male,1.9781283799793465,C,N,Adult,D,0,2.396079697380563,Mr.,1,Little,male_Adult
833,0,3,male,2.061048420562944,S,N,Adult,D,0,2.396079697380563,Mr.,1,Little,male_Adult
834,0,3,male,2.1162555148025524,S,N,Teen,D,0,2.396079697380563,Mr.,1,Little,male_Teen
835,1,1,female,4.4207460202604185,C,E,Adult,P,0,4.078828900431776,Miss.,3,Moderate,female_Adult
836,0,3,male,2.1590033645160216,S,N,Adult,D,0,2.396079697380563,Mr.,1,Little,male_Adult
837,0,3,male,2.0856720914304723,S,N,Adult,D,0,2.396079697380563,Mr.,1,Little,male_Adult
838,1,3,male,4.034166299106131,S,N,Adult,D,0,2.396079697380563,Mr.,1,Little,male_Adult
839,1,1,male,3.391147045808654,C,C,Adult,D,0,4.078828900431776,Mr.,1,Little,male_Adult
840,0,3,male,2.0700223197633445,S,N,Teen,S,0,2.396079697380563,Mr.,1,Little,male_Teen
841,0,2,male,2.3513752571634776,S,N,Teen,S,0,2.8310588265196923,Mr.,1,Little,male_Teen
842,1,1,female,3.4339872044851463,C,N,Adult,D,0,4.078828900431776,Miss.,1,Little,female_Adult
843,0,3,male,1.8621402659898545,C,N,Adult,D,0,2.396079697380563,Mr.,1,Little,male_Adult
844,0,3,male,2.1590033645160216,S,N,Teen,D,0,2.396079697380563,Mr.,1,Little,male_Teen
845,0,3,male,2.0215475632609334,S,N,Adult,C,0,2.396079697380563,Mr.,1,Little,male_Adult
846,0,3,male,4.242045918369452,S,N,Adult,C,0,2.396079697380563,Mr.,11,High,male_Adult
847,0,3,male,2.0663309725297405,C,N,Adult,D,0,2.396079697380563,Mr.,1,Little,male_Adult
848,0,2,male,3.4965075614664802,S,N,Adult,D,0,2.8310588265196923,Others,2,Little,male_Adult
849,1,1,female,4.489806471412939,C,C,Adult,D,0,4.078828900431776,Mrs.,2,Little,female_Adult
850,0,3,male,3.442819056352975,S,N,Child,D,0,2.396079697380563,Master.,7,High,male_Child
851,0,3,male,2.0509134580652977,S,N,Adult,D,0,2.396079697380563,Mr.,1,Little,male_Adult
852,0,3,female,2.7243040552851014,C,N,Child,D,0,2.396079697380563,Miss.,3,Moderate,female_Child
853,1,1,female,3.673765816303888,S,D,Teen,P,0,4.078828900431776,Miss.,2,Little,female_Teen
854,0,2,female,3.258096538021482,S,N,Adult,D,0,2.8310588265196923,Mrs.,2,Little,female_Adult
855,1,3,female,2.2353763433005955,S,N,Teen,D,0,2.396079697380563,Mrs.,2,Little,female_Teen
856,1,1,female,5.1051372686027685,S,N,Adult,D,0,4.078828900431776,Mrs.,3,Moderate,female_Adult
857,1,1,male,3.279029747687948,S,E,Adult,D,0,4.078828900431776,Mr.,1,Little,male_Adult
858,1,3,female,2.957942136638392,C,N,Adult,D,0,2.396079697380563,Mrs.,4,Moderate,female_Adult
859,0,3,male,1.9781283799793465,C,N,Adult,D,0,2.396079697380563,Mr.,1,Little,male_Adult
860,0,3,male,2.6467632766784814,S,N,Adult,D,0,2.396079697380563,Mr.,3,Moderate,male_Adult
861,0,2,male,2.4423470353692043,S,N,Adult,D,0,2.8310588265196923,Mr.,2,Little,male_Adult
862,1,1,female,3.255369746779992,S,D,Adult,D,0,4.078828900431776,Mrs.,1,Little,female_Adult
863,0,3,female,4.242045918369452,S,N,Adult,C,0,2.396079697380563,Miss.,11,High,female_Adult
864,0,2,male,2.5649493574615367,S,N,Adult,D,0,2.8310588265196923,Mr.,1,Little,male_Adult
865,1,2,female,2.5649493574615367,S,N,Adult,D,0,2.8310588265196923,Mrs.,1,Little,female_Adult
866,1,2,female,2.6288843311163475,C,N,Adult,S,0,2.8310588265196923,Miss.,2,Little,female_Adult
867,0,1,male,3.921890164505806,S,A,Adult,P,0,4.078828900431776,Mr.,1,Little,male_Adult
868,0,3,male,2.2512917986064953,S,N,Adult,D,0,2.396079697380563,Mr.,1,Little,male_Adult
869,1,3,male,2.409940617298087,S,N,Child,D,0,2.396079697380563,Master.,3,Moderate,male_Child
870,0,3,male,2.0663309725297405,S,N,Adult,D,0,2.396079697380563,Mr.,1,Little,male_Adult
871,1,1,female,3.961845018011234,S,D,Adult,D,0,4.078828900431776,Mrs.,3,Moderate,female_Adult
872,0,1,male,1.6094379124341003,S,B,Adult,D,0,4.078828900431776,Mr.,1,Little,male_Adult
873,0,3,male,2.1972245773362196,S,N,Adult,D,0,2.396079697380563,Mr.,1,Little,male_Adult
874,1,2,female,3.1780538303479458,C,N,Adult,P,0,2.8310588265196923,Mrs.,2,Little,female_Adult
875,1,3,female,1.9775472339984959,C,N,Teen,D,0,2.396079697380563,Miss.,1,Little,female_Teen
876,0,3,male,2.287044968312313,S,N,Teen,D,0,2.396079697380563,Mr.,1,Little,male_Teen
877,0,3,male,2.0663309725297405,S,N,Teen,D,0,2.396079697380563,Mr.,1,Little,male_Teen
878,0,3,male,2.0663309725297405,S,N,Adult,D,0,2.396079697380563,Mr.,1,Little,male_Adult
879,1,1,female,4.4207460202604185,C,C,Adult,D,0,4.078828900431776,Mrs.,2,Little,female_Adult
880,1,2,female,3.258096538021482,S,N,Adult,D,0,2.8310588265196923,Mrs.,2,Little,female_Adult
881,0,3,male,2.0663309725297405,S,N,Adult,D,0,2.396079697380563,Mr.,1,Little,male_Adult
882,0,3,female,2.352964469886197,S,N,Adult,D,0,2.396079697380563,Miss.,1,Little,female_Adult
883,0,2,male,2.3513752571634776,S,N,Adult,C,0,2.8310588265196923,Mr.,1,Little,male_Adult
884,0,3,male,1.9530276168241774,S,N,Adult,S,0,2.396079697380563,Mr.,1,Little,male_Adult
885,0,3,female,3.371596911885865,Q,N,Adult,D,0,2.396079697380563,Mrs.,6,High,female_Adult
886,0,2,male,2.5649493574615367,S,N,Adult,D,0,2.8310588265196923,Others,1,Little,male_Adult
887,1,1,female,3.4011973816621555,S,B,Teen,D,0,4.078828900431776,Miss.,1,Little,female_Teen
888,0,3,female,3.1548704948922883,S,N,Adult,W,0,2.396079697380563,Miss.,4,Moderate,female_Adult
889,1,1,male,3.4011973816621555,C,C,Adult,D,0,4.078828900431776,Mr.,1,Little,male_Adult
890,0,3,male,2.0476928433652555,Q,N,Adult,D,0,2.396079697380563,Mr.,1,Little,male_Adult
